32163,0.0,0.0,0.0,0.0,0.0,0.0,0.0,0.0
32175,0.0,0.0,0.0,0.0,0.0,0.0,0.0,0.0
32196,0.0,0.0,0.0,0.0,0.0,0.0,0.0,0.0
32231,0.0,0.0,0.0,0.0,0.0,0.0,0.0,0.0
32264,0.0,0.0,0.0,0.0,0.0,0.0,0.0,0.0
32270,0.0,0.0,0.0,0.0,0.0,0.0,0.0,0.0
32336,0.0,0.0,0.0,0.0,0.0,0.0,0.0,0.0
32365,0.0,0.0,0.0,0.0,0.0,0.0,0.0,0.0
32459,0.0,0.0,0.0,0.0,0.0,0.0,0.0,0.0
32494,0.0,0.0,0.0,0.0,0.0,0.0,0.0,0.0
32481,0.0,0.0,0.0,0.0,0.0,0.0,0.0,0.0
32483,0.0,0.0,0.0,0.0,0.0,0.0,0.0,0.0
32474,0.0,0.0,0.0,0.0,0.0,0.0,0.0,0.0
32529,0.0,0.0,0.0,0.0,0.0,0.0,0.0,0.0
32534,0.0,0.0,0.0,0.0,0.0,0.0,0.0,0.0
32533,0.0,0.0,0.0,0.0,0.0,0.0,0.0,0.0
32556,0.0,0.0,0.0,0.0,0.0,0.0,0.0,0.0
32588,0.0,0.0,0.0,0.0,0.0,0.0,0.0,0.0
32611,0.0,0.0,0.0,0.0,0.0,0.0,0.0,0.0
32646,0.0,0.0,0.0,0.0,0.0,0.0,0.0,0.0
32675,0.0,0.0,0.0,0.0,0.0,0.0,0.0,0.0
32703,0.0,0.0,0.0,0.0,0.0,0.0,0.0,0.0
32734,0.0,0.0,0.0,0.0,0.0,0.0,0.0,0.0
32751,0.0,0.0,0.0,0.0,0.0,0.0,0.0,0.0
32782,0.0,0.0,0.0,0.0,0.0,0.0,0.0,0.0
32789,0.0,0.0,0.0,0.0,0.0,0.0,0.0,0.0
32812,0.0,0.0,0.0,0.0,0.0,0.0,0.0,0.0
32855,0.0,0.0,0.0,0.0,0.0,0.0,0.0,0.0
32908,0.0,0.0,0.0,0.0,0.0,0.0,0.0,0.0
32937,0.0,0.0,0.0,0.0,0.0,0.0,0.0,0.0
32984,0.0,0.0,0.0,0.0,0.0,0.0,0.0,0.0
33009,0.0,0.0,0.0,0.0,0.0,0.0,0.0,0.0
33063,0.0,0.0,0.0,0.0,0.0,0.0,0.0,0.0
33109,0.0,0.0,0.0,0.0,0.0,0.0,0.0,0.0
33156,0.0,0.0,0.0,0.0,0.0,0.0,0.0,0.0
33188,0.0,0.0,0.0,0.0,0.0,0.0,0.0,0.0
33221,0.0,0.0,0.0,0.0,0.0,0.0,0.0,0.0
33313,0.0,0.0,0.0,0.0,0.0,0.0,0.0,0.0
33312,0.0,0.0,0.0,0.0,0.0,0.0,0.0,0.0
33318,0.0,0.0,0.0,0.0,0.0,0.0,0.0,0.0
33335,0.0,0.0,0.0,0.0,0.0,0.0,0.0,0.0
33466,0.0,0.0,0.0,0.0,0.0,0.0,0.0,0.0
33483,0.0,0.0,0.0,0.0,0.0,0.0,0.0,0.0
33498,0.0,0.0,0.0,0.0,0.0,0.0,0.0,0.0
33502,0.0,0.0,0.0,0.0,0.0,0.0,0.0,0.0
33505,0.0,0.0,0.0,0.0,0.0,0.0,0.0,0.0
33512,0.0,0.0,0.0,0.0,0.0,0.0,0.0,0.0
33478,0.0,0.0,0.0,0.0,0.0,0.0,0.0,0.0
33494,0.0,0.0,0.0,0.0,0.0,0.0,0.0,0.0
33464,0.0,0.0,0.0,0.0,0.0,0.0,0.0,0.0
33439,0.0,0.0,0.0,0.0,0.0,0.0,0.0,0.0
33407,0.0,0.0,0.0,0.0,0.0,0.0,0.0,0.0
33310,0.0,0.0,0.0,0.0,0.0,0.0,0.0,0.0
33265,0.0,0.0,0.0,0.0,0.0,0.0,0.0,0.0
33153,0.0,0.0,0.0,0.0,0.0,0.0,0.0,0.0
33088,0.0,0.0,0.0,0.0,0.0,0.0,0.0,0.0
33038,0.0,0.0,0.0,0.0,0.0,0.0,0.0,0.0
32935,0.0,0.0,0.0,0.0,0.0,0.0,0.0,0.0
32861,0.0,0.0,0.0,0.0,0.0,0.0,0.0,0.0
32779,0.0,0.0,0.0,0.0,0.0,0.0,0.0,0.0
32712,0.0,0.0,0.0,0.0,0.0,0.0,0.0,0.0
32629,0.0,0.0,0.0,0.0,0.0,0.0,0.0,0.0
32435,0.0,0.0,0.0,0.0,0.0,0.0,0.0,0.0
32361,0.0,0.0,0.0,0.0,0.0,0.0,0.0,0.0
32283,0.0,0.0,0.0,0.0,0.0,0.0,0.0,0.0
32211,0.0,0.0,0.0,0.0,0.0,0.0,0.0,0.0
31978,0.0,0.0,0.0,0.0,0.0,0.0,0.0,0.0
31911,0.0,0.0,0.0,0.0,0.0,0.0,0.0,0.0
31726,0.0,0.0,0.0,0.0,0.0,0.0,0.0,0.0
31636,0.0,0.0,0.0,0.0,0.0,0.0,0.0,0.0
31572,0.0,0.0,0.0,0.0,0.0,0.0,0.0,0.0
31524,0.0,0.0,0.0,0.0,0.0,0.0,0.0,0.0
31438,0.0,0.0,0.0,0.0,0.0,0.0,0.0,0.0
31394,0.0,0.0,0.0,0.0,0.0,0.0,0.0,0.0
31275,0.0,0.0,0.0,0.0,0.0,0.0,0.0,0.0
31227,0.0,0.0,0.0,0.0,0.0,0.0,0.0,0.0
31159,0.0,0.0,0.0,0.0,0.0,0.0,0.0,0.0
31127,0.0,0.0,0.0,0.0,0.0,0.0,0.0,0.0
30867,0.0,0.0,0.0,0.0,0.0,0.0,0.0,0.0
30798,0.0,0.0,0.0,0.0,0.0,0.0,0.0,0.0
30772,0.0,0.0,0.0,0.0,0.0,0.0,0.0,0.0
30758,0.0,0.0,0.0,0.0,0.0,0.0,0.0,0.0
30746,0.0,0.0,0.0,0.0,0.0,0.0,0.0,0.0
30736,0.0,0.0,0.0,0.0,0.0,0.0,0.0,0.0
30767,0.0,0.0,0.0,0.0,0.0,0.0,0.0,0.0
30772,0.0,0.0,0.0,0.0,0.0,0.0,0.0,0.0
30769,0.0,0.0,0.0,0.0,0.0,0.0,0.0,0.0
30729,0.0,0.0,0.0,0.0,0.0,0.0,0.0,0.0
30703,0.0,0.0,0.0,0.0,0.0,0.0,0.0,0.0
30714,0.0,0.0,0.0,0.0,0.0,0.0,0.0,0.0
30738,0.0,0.0,0.0,0.0,0.0,0.0,0.0,0.0
30778,0.0,0.0,0.0,0.0,0.0,0.0,0.0,0.0
30824,0.0,0.0,0.0,0.0,0.0,0.0,0.0,0.0
30866,0.0,0.0,0.0,0.0,0.0,0.0,0.0,0.0
30931,0.0,0.0,0.0,0.0,0.0,0.0,0.0,0.0
31074,0.0,0.0,0.0,0.0,0.0,0.0,0.0,0.0
31142,0.0,0.0,0.0,0.0,0.0,0.0,0.0,0.0
31204,0.0,0.0,0.0,0.0,0.0,0.0,0.0,0.0
31297,0.0,0.0,0.0,0.0,0.0,0.0,0.0,0.0
31399,0.0,0.0,0.0,0.0,0.0,0.0,0.0,0.0
31581,0.0,0.0,0.0,0.0,0.0,0.0,0.0,0.0
31641,0.0,0.0,0.0,0.0,0.0,0.0,0.0,0.0
31872,0.0,0.0,0.0,0.0,0.0,0.0,0.0,0.0
31981,0.0,0.0,0.0,0.0,0.0,0.0,0.0,0.0
32084,0.0,0.0,0.0,0.0,0.0,0.0,0.0,0.0
32418,0.0,0.0,0.0,0.0,0.0,0.0,0.0,0.0
32697,0.0,0.0,0.0,0.0,0.0,0.0,0.0,0.0
32839,0.0,0.0,0.0,0.0,0.0,0.0,0.0,0.0
33042,0.0,0.0,0.0,0.0,0.0,0.0,0.0,0.0
33181,0.0,0.0,0.0,0.0,0.0,0.0,0.0,0.0
33311,0.0,0.0,0.0,0.0,0.0,0.0,0.0,0.0
33426,0.0,0.0,0.0,0.0,0.0,0.0,0.0,0.0
33639,0.0,0.0,0.0,0.0,0.0,0.0,0.0,0.0
33740,0.0,0.0,0.0,0.0,0.0,0.0,0.0,0.0
33930,0.0,0.0,0.0,0.0,0.0,0.0,0.0,0.0
34026,0.0,0.0,0.0,0.0,0.0,0.0,0.0,0.0
34126,0.0,0.0,0.0,0.0,0.0,0.0,0.0,0.0
34534,0.0,0.0,0.0,0.0,0.0,0.0,0.0,0.0
34658,0.0,0.0,0.0,0.0,0.0,0.0,0.0,0.0
34760,0.0,0.0,0.0,0.0,0.0,0.0,0.0,0.0
34865,0.0,0.0,0.0,0.0,0.0,0.0,0.0,0.0
34943,0.0,0.0,0.0,0.0,0.0,0.0,0.0,0.0
35086,0.0,0.0,0.0,0.0,0.0,0.0,0.0,0.0
35181,0.0,0.0,0.0,0.0,0.0,0.0,0.0,0.0
35508,0.0,0.0,0.0,0.0,0.0,0.0,0.0,0.0
35578,0.0,0.0,0.0,0.0,0.0,0.0,0.0,0.0
35640,0.0,0.0,0.0,0.0,0.0,0.0,0.0,0.0
35689,0.0,0.0,0.0,0.0,0.0,0.0,0.0,0.0
35806,0.0,0.0,0.0,0.0,0.0,0.0,0.0,0.0
35926,0.0,0.0,0.0,0.0,0.0,0.0,0.0,0.0
35972,0.0,0.0,0.0,0.0,0.0,0.0,0.0,0.0
36032,0.0,0.0,0.0,0.0,0.0,0.0,0.0,0.0
36150,0.0,0.0,0.0,0.0,0.0,0.0,0.0,0.0
36174,0.0,0.0,0.0,0.0,0.0,0.0,0.0,0.0
36177,0.0,0.0,0.0,0.0,0.0,0.0,0.0,0.0
36223,0.0,0.0,0.0,0.0,0.0,0.0,0.0,0.0
36212,0.0,0.0,0.0,0.0,0.0,0.0,0.0,0.0
36196,0.0,0.0,0.0,0.0,0.0,0.0,0.0,0.0
36243,0.0,0.0,0.0,0.0,0.0,0.0,0.0,0.0
36220,0.0,0.0,0.0,0.0,0.0,0.0,0.0,0.0
36172,0.0,0.0,0.0,0.0,0.0,0.0,0.0,0.0
36137,0.0,0.0,0.0,0.0,0.0,0.0,0.0,0.0
36078,0.0,0.0,0.0,0.0,0.0,0.0,0.0,0.0
35997,0.0,0.0,0.0,0.0,0.0,0.0,0.0,0.0
35927,0.0,0.0,0.0,0.0,0.0,0.0,0.0,0.0
35836,0.0,0.0,0.0,0.0,0.0,0.0,0.0,0.0
35694,0.0,0.0,0.0,0.0,0.0,0.0,0.0,0.0
35590,0.0,0.0,0.0,0.0,0.0,0.0,0.0,0.0
35488,0.0,0.0,0.0,0.0,0.0,0.0,0.0,0.0
35328,0.0,0.0,0.0,0.0,0.0,0.0,0.0,0.0
35066,0.0,0.0,0.0,0.0,0.0,0.0,0.0,0.0
34870,0.0,0.0,0.0,0.0,0.0,0.0,0.0,0.0
34725,0.0,0.0,0.0,0.0,0.0,0.0,0.0,0.0
34607,0.0,0.0,0.0,0.0,0.0,0.0,0.0,0.0
34450,0.0,0.0,0.0,0.0,0.0,0.0,0.0,0.0
34320,0.0,0.0,0.0,0.0,0.0,0.0,0.0,0.0
34131,0.0,0.0,0.0,0.0,0.0,0.0,0.0,0.0
33825,0.0,0.0,0.0,0.0,0.0,0.0,0.0,0.0
33687,0.0,0.0,0.0,0.0,0.0,0.0,0.0,0.0
33555,0.0,0.0,0.0,0.0,0.0,0.0,0.0,0.0
33357,0.0,0.0,0.0,0.0,0.0,0.0,0.0,0.0
33238,0.0,0.0,0.0,0.0,0.0,0.0,0.0,0.0
33108,0.0,0.0,0.0,0.0,0.0,0.0,0.0,0.0
32440,0.0,0.0,0.0,0.0,0.0,0.0,0.0,0.0
32286,0.0,0.0,0.0,0.0,0.0,0.0,0.0,0.0
32143,0.0,0.0,0.0,0.0,0.0,0.0,0.0,0.0
31628,0.0,0.0,0.0,0.0,0.0,0.0,0.0,0.0
31472,0.0,0.0,0.0,0.0,0.0,0.0,0.0,0.0
31349,0.0,0.0,0.0,0.0,0.0,0.0,0.0,0.0
31212,0.0,0.0,0.0,0.0,0.0,0.0,0.0,0.0
31096,0.0,0.0,0.0,0.0,0.0,0.0,0.0,0.0
30614,0.0,0.0,0.0,0.0,0.0,0.0,0.0,0.0
30499,0.0,0.0,0.0,0.0,0.0,0.0,0.0,0.0
30055,0.0,0.0,0.0,0.0,0.0,0.0,0.0,0.0
29932,0.0,0.0,0.0,0.0,0.0,0.0,0.0,0.0
29826,0.0,0.0,0.0,0.0,0.0,0.0,0.0,0.0
29733,0.0,0.0,0.0,0.0,0.0,0.0,0.0,0.0
29662,0.0,0.0,0.0,0.0,0.0,0.0,0.0,0.0
29522,0.0,0.0,0.0,0.0,0.0,0.0,0.0,0.0
29460,0.0,0.0,0.0,0.0,0.0,0.0,0.0,0.0
29412,0.0,0.0,0.0,0.0,0.0,0.0,0.0,0.0
29291,0.0,0.0,0.0,0.0,0.0,0.0,0.0,0.0
29260,0.0,0.0,0.0,0.0,0.0,0.0,0.0,0.0
29241,0.0,0.0,0.0,0.0,0.0,0.0,0.0,0.0
29228,0.0,0.0,0.0,0.0,0.0,0.0,0.0,0.0
29140,0.0,0.0,0.0,0.0,0.0,0.0,0.0,0.0
29127,0.0,0.0,0.0,0.0,0.0,0.0,0.0,0.0
29118,0.0,0.0,0.0,0.0,0.0,0.0,0.0,0.0
29124,0.0,0.0,0.0,0.0,0.0,0.0,0.0,0.0
29124,0.0,0.0,0.0,0.0,0.0,0.0,0.0,0.0
29128,0.0,0.0,0.0,0.0,0.0,0.0,0.0,0.0
29135,0.0,0.0,0.0,0.0,0.0,0.0,0.0,0.0
29170,0.0,0.0,0.0,0.0,0.0,0.0,0.0,0.0
29222,0.0,0.0,0.0,0.0,0.0,0.0,0.0,0.0
29251,0.0,0.0,0.0,0.0,0.0,0.0,0.0,0.0
29281,0.0,0.0,0.0,0.0,0.0,0.0,0.0,0.0
29333,0.0,0.0,0.0,0.0,0.0,0.0,0.0,0.0
29351,0.0,0.0,0.0,0.0,0.0,0.0,0.0,0.0
29394,0.0,0.0,0.0,0.0,0.0,0.0,0.0,0.0
29423,0.0,0.0,0.0,0.0,0.0,0.0,0.0,0.0
29455,0.0,0.0,0.0,0.0,0.0,0.0,0.0,0.0
29505,0.0,0.0,0.0,0.0,0.0,0.0,0.0,0.0
29535,0.0,0.0,0.0,0.0,0.0,0.0,0.0,0.0
29573,0.0,0.0,0.0,0.0,0.0,0.0,0.0,0.0
29722,0.0,0.0,0.0,0.0,0.0,0.0,0.0,0.0
29751,0.0,0.0,0.0,0.0,0.0,0.0,0.0,0.0
29785,0.0,0.0,0.0,0.0,0.0,0.0,0.0,0.0
29894,0.0,0.0,0.0,0.0,0.0,0.0,0.0,0.0
29913,0.0,0.0,0.0,0.0,0.0,0.0,0.0,0.0
29945,0.0,0.0,0.0,0.0,0.0,0.0,0.0,0.0
30049,0.0,0.0,0.0,0.0,0.0,0.0,0.0,0.0
30058,0.0,0.0,0.0,0.0,0.0,0.0,0.0,0.0
30094,0.0,0.0,0.0,0.0,0.0,0.0,0.0,0.0
30144,0.0,0.0,0.0,0.0,0.0,0.0,0.0,0.0
30150,0.0,0.0,0.0,0.0,0.0,0.0,0.0,0.0
30173,0.0,0.0,0.0,0.0,0.0,0.0,0.0,0.0
30246,0.0,0.0,0.0,0.0,0.0,0.0,0.0,0.0
30261,0.0,0.0,0.0,0.0,0.0,0.0,0.0,0.0
30281,0.0,0.0,0.0,0.0,0.0,0.0,0.0,0.0
30275,0.0,0.0,0.0,0.0,0.0,0.0,0.0,0.0
30281,0.0,0.0,0.0,0.0,0.0,0.0,0.0,0.0
30267,0.0,0.0,0.0,0.0,0.0,0.0,0.0,0.0
30283,0.0,0.0,0.0,0.0,0.0,0.0,0.0,0.0
30274,0.0,0.0,0.0,0.0,0.0,0.0,0.0,0.0
30267,0.0,0.0,0.0,0.0,0.0,0.0,0.0,0.0
30258,0.0,0.0,0.0,0.0,0.0,0.0,0.0,0.0
30245,0.0,0.0,0.0,0.0,0.0,0.0,0.0,0.0
30245,0.0,0.0,0.0,0.0,0.0,0.0,0.0,0.0
30231,0.0,0.0,0.0,0.0,0.0,0.0,0.0,0.0
30219,0.0,0.0,0.0,0.0,0.0,0.0,0.0,0.0
30207,0.0,0.0,0.0,0.0,0.0,0.0,0.0,0.0
30179,0.0,0.0,0.0,0.0,0.0,0.0,0.0,0.0
30165,0.0,0.0,0.0,0.0,0.0,0.0,0.0,0.0
30122,0.0,0.0,0.0,0.0,0.0,0.0,0.0,0.0
30104,0.0,0.0,0.0,0.0,0.0,0.0,0.0,0.0
30088,0.0,0.0,0.0,0.0,0.0,0.0,0.0,0.0
30073,0.0,0.0,0.0,0.0,0.0,0.0,0.0,0.0
30039,0.0,0.0,0.0,0.0,0.0,0.0,0.0,0.0
30042,0.0,0.0,0.0,0.0,0.0,0.0,0.0,0.0
30033,0.0,0.0,0.0,0.0,0.0,0.0,0.0,0.0
30004,0.0,0.0,0.0,0.0,0.0,0.0,0.0,0.0
30003,0.0,0.0,0.0,0.0,0.0,0.0,0.0,0.0
30013,0.0,0.0,0.0,0.0,0.0,0.0,0.0,0.0
30003,0.0,0.0,0.0,0.0,0.0,0.0,0.0,0.0
30015,0.0,0.0,0.0,0.0,0.0,0.0,0.0,0.0
30017,0.0,0.0,0.0,0.0,0.0,0.0,0.0,0.0
30017,0.0,0.0,0.0,0.0,0.0,0.0,0.0,0.0
30043,0.0,0.0,0.0,0.0,0.0,0.0,0.0,0.0
30059,0.0,0.0,0.0,0.0,0.0,0.0,0.0,0.0
30086,0.0,0.0,0.0,0.0,0.0,0.0,0.0,0.0
30109,0.0,0.0,0.0,0.0,0.0,0.0,0.0,0.0
30161,0.0,0.0,0.0,0.0,0.0,0.0,0.0,0.0
30194,0.0,0.0,0.0,0.0,0.0,0.0,0.0,0.0
30275,0.0,0.0,0.0,0.0,0.0,0.0,0.0,0.0
30337,0.0,0.0,0.0,0.0,0.0,0.0,0.0,0.0
30427,0.0,0.0,0.0,0.0,0.0,0.0,0.0,0.0
30472,0.0,0.0,0.0,0.0,0.0,0.0,0.0,0.0
30516,0.0,0.0,0.0,0.0,0.0,0.0,0.0,0.0
30619,0.0,0.0,0.0,0.0,0.0,0.0,0.0,0.0
30676,0.0,0.0,0.0,0.0,0.0,0.0,0.0,0.0
30791,0.0,0.0,0.0,0.0,0.0,0.0,0.0,0.0
30879,0.0,0.0,0.0,0.0,0.0,0.0,0.0,0.0
30960,0.0,0.0,0.0,0.0,0.0,0.0,0.0,0.0
31061,0.0,0.0,0.0,0.0,0.0,0.0,0.0,0.0
31139,0.0,0.0,0.0,0.0,0.0,0.0,0.0,0.0
31221,0.0,0.0,0.0,0.0,0.0,0.0,0.0,0.0
31318,0.0,0.0,0.0,0.0,0.0,0.0,0.0,0.0
31383,0.0,0.0,0.0,0.0,0.0,0.0,0.0,0.0
31472,0.0,0.0,0.0,0.0,0.0,0.0,0.0,0.0
31635,0.0,0.0,0.0,0.0,0.0,0.0,0.0,0.0
31702,0.0,0.0,0.0,0.0,0.0,0.0,0.0,0.0
31773,0.0,0.0,0.0,0.0,0.0,0.0,0.0,0.0
31862,0.0,0.0,0.0,0.0,0.0,0.0,0.0,0.0
32094,0.0,0.0,0.0,0.0,0.0,0.0,0.0,0.0
32177,0.0,0.0,0.0,0.0,0.0,0.0,0.0,0.0
32263,0.0,0.0,0.0,0.0,0.0,0.0,0.0,0.0
32342,0.0,0.0,0.0,0.0,0.0,0.0,0.0,0.0
32497,0.0,0.0,0.0,0.0,0.0,0.0,0.0,0.0
32584,0.0,0.0,0.0,0.0,0.0,0.0,0.0,0.0
32864,0.0,0.0,0.0,0.0,0.0,0.0,0.0,0.0
32932,0.0,0.0,0.0,0.0,0.0,0.0,0.0,0.0
33058,0.0,0.0,0.0,0.0,0.0,0.0,0.0,0.0
33129,0.0,0.0,0.0,0.0,0.0,0.0,0.0,0.0
33186,0.0,0.0,0.0,0.0,0.0,0.0,0.0,0.0
33283,0.0,0.0,0.0,0.0,0.0,0.0,0.0,0.0
33383,0.0,0.0,0.0,0.0,0.0,0.0,0.0,0.0
33435,0.0,0.0,0.0,0.0,0.0,0.0,0.0,0.0
33561,0.0,0.0,0.0,0.0,0.0,0.0,0.0,0.0
33623,0.0,0.0,0.0,0.0,0.0,0.0,0.0,0.0
33746,0.0,0.0,0.0,0.0,0.0,0.0,0.0,0.0
33835,0.0,0.0,0.0,0.0,0.0,0.0,0.0,0.0
33875,0.0,0.0,0.0,0.0,0.0,0.0,0.0,0.0
33918,0.0,0.0,0.0,0.0,0.0,0.0,0.0,0.0
34075,0.0,0.0,0.0,0.0,0.0,0.0,0.0,0.0
34111,0.0,0.0,0.0,0.0,0.0,0.0,0.0,0.0
34127,0.0,0.0,0.0,0.0,0.0,0.0,0.0,0.0
34148,0.0,0.0,0.0,0.0,0.0,0.0,0.0,0.0
34150,0.0,0.0,0.0,0.0,0.0,0.0,0.0,0.0
34161,0.0,0.0,0.0,0.0,0.0,0.0,0.0,0.0
34190,0.0,0.0,0.0,0.0,0.0,0.0,0.0,0.0
34210,0.0,0.0,0.0,0.0,0.0,0.0,0.0,0.0
34212,0.0,0.0,0.0,0.0,0.0,0.0,0.0,0.0
34203,0.0,0.0,0.0,0.0,0.0,0.0,0.0,0.0
34190,0.0,0.0,0.0,0.0,0.0,0.0,0.0,0.0
34178,0.0,0.0,0.0,0.0,0.0,0.0,0.0,0.0
34183,0.0,0.0,0.0,0.0,0.0,0.0,0.0,0.0
34173,0.0,0.0,0.0,0.0,0.0,0.0,0.0,0.0
34162,0.0,0.0,0.0,0.0,0.0,0.0,0.0,0.0
34155,0.0,0.0,0.0,0.0,0.0,0.0,0.0,0.0
34141,0.0,0.0,0.0,0.0,0.0,0.0,0.0,0.0
34117,0.0,0.0,0.0,0.0,0.0,0.0,0.0,0.0
34100,0.0,0.0,0.0,0.0,0.0,0.0,0.0,0.0
34071,0.0,0.0,0.0,0.0,0.0,0.0,0.0,0.0
34031,0.0,0.0,0.0,0.0,0.0,0.0,0.0,0.0
33988,0.0,0.0,0.0,0.0,0.0,0.0,0.0,0.0
33906,0.0,0.0,0.0,0.0,0.0,0.0,0.0,0.0
33875,0.0,0.0,0.0,0.0,0.0,0.0,0.0,0.0
33836,0.0,0.0,0.0,0.0,0.0,0.0,0.0,0.0
33768,0.0,0.0,0.0,0.0,0.0,0.0,0.0,0.0
33686,0.0,0.0,0.0,0.0,0.0,0.0,0.0,0.0
33651,0.0,0.0,0.0,0.0,0.0,0.0,0.0,0.0
33615,0.0,0.0,0.0,0.0,0.0,0.0,0.0,0.0
33557,0.0,0.0,0.0,0.0,0.0,0.0,0.0,0.0
33507,0.0,0.0,0.0,0.0,0.0,0.0,0.0,0.0
33474,0.0,0.0,0.0,0.0,0.0,0.0,0.0,0.0
33397,0.0,0.0,0.0,0.0,0.0,0.0,0.0,0.0
33373,0.0,0.0,0.0,0.0,0.0,0.0,0.0,0.0
33355,0.0,0.0,0.0,0.0,0.0,0.0,0.0,0.0
33346,0.0,0.0,0.0,0.0,0.0,0.0,0.0,0.0
33321,0.0,0.0,0.0,0.0,0.0,0.0,0.0,0.0
33296,0.0,0.0,0.0,0.0,0.0,0.0,0.0,0.0
33268,0.0,0.0,0.0,0.0,0.0,0.0,0.0,0.0
33252,0.0,0.0,0.0,0.0,0.0,0.0,0.0,0.0
33232,0.0,0.0,0.0,0.0,0.0,0.0,0.0,0.0
33196,0.0,0.0,0.0,0.0,0.0,0.0,0.0,0.0
33189,0.0,0.0,0.0,0.0,0.0,0.0,0.0,0.0
33155,0.0,0.0,0.0,0.0,0.0,0.0,0.0,0.0
33134,0.0,0.0,0.0,0.0,0.0,0.0,0.0,0.0
33108,0.0,0.0,0.0,0.0,0.0,0.0,0.0,0.0
33072,0.0,0.0,0.0,0.0,0.0,0.0,0.0,0.0
33046,0.0,0.0,0.0,0.0,0.0,0.0,0.0,0.0
33040,0.0,0.0,0.0,0.0,0.0,0.0,0.0,0.0
33019,0.0,0.0,0.0,0.0,0.0,0.0,0.0,0.0
32984,0.0,0.0,0.0,0.0,0.0,0.0,0.0,0.0
32945,0.0,0.0,0.0,0.0,0.0,0.0,0.0,0.0
32901,0.0,0.0,0.0,0.0,0.0,0.0,0.0,0.0
32873,0.0,0.0,0.0,0.0,0.0,0.0,0.0,0.0
32854,0.0,0.0,0.0,0.0,0.0,0.0,0.0,0.0
32802,0.0,0.0,0.0,0.0,0.0,0.0,0.0,0.0
32765,0.0,0.0,0.0,0.0,0.0,0.0,0.0,0.0
32623,0.0,0.0,0.0,0.0,0.0,0.0,0.0,0.0
32578,0.0,0.0,0.0,0.0,0.0,0.0,0.0,0.0
32524,0.0,0.0,0.0,0.0,0.0,0.0,0.0,0.0
32468,0.0,0.0,0.0,0.0,0.0,0.0,0.0,0.0
32392,0.0,0.0,0.0,0.0,0.0,0.0,0.0,0.0
32347,0.0,0.0,0.0,0.0,0.0,0.0,0.0,0.0
32295,0.0,0.0,0.0,0.0,0.0,0.0,0.0,0.0
32232,0.0,0.0,0.0,0.0,0.0,0.0,0.0,0.0
32107,0.0,0.0,0.0,0.0,0.0,0.0,0.0,0.0
32047,0.0,0.0,0.0,0.0,0.0,0.0,0.0,0.0
32000,0.0,0.0,0.0,0.0,0.0,0.0,0.0,0.0
31822,0.0,0.0,0.0,0.0,0.0,0.0,0.0,0.0
31755,0.0,0.0,0.0,0.0,0.0,0.0,0.0,0.0
31703,0.0,0.0,0.0,0.0,0.0,0.0,0.0,0.0
31654,0.0,0.0,0.0,0.0,0.0,0.0,0.0,0.0
31603,0.0,0.0,0.0,0.0,0.0,0.0,0.0,0.0
31532,0.0,0.0,0.0,0.0,0.0,0.0,0.0,0.0
31483,0.0,0.0,0.0,0.0,0.0,0.0,0.0,0.0
31422,0.0,0.0,0.0,0.0,0.0,0.0,0.0,0.0
31340,0.0,0.0,0.0,0.0,0.0,0.0,0.0,0.0
31278,0.0,0.0,0.0,0.0,0.0,0.0,0.0,0.0
31226,0.0,0.0,0.0,0.0,0.0,0.0,0.0,0.0
31090,0.0,0.0,0.0,0.0,0.0,0.0,0.0,0.0
31055,0.0,0.0,0.0,0.0,0.0,0.0,0.0,0.0
31004,0.0,0.0,0.0,0.0,0.0,0.0,0.0,0.0
30862,0.0,0.0,0.0,0.0,0.0,0.0,0.0,0.0
30809,0.0,0.0,0.0,0.0,0.0,0.0,0.0,0.0
30757,0.0,0.0,0.0,0.0,0.0,0.0,0.0,0.0
30538,0.0,0.0,0.0,0.0,0.0,0.0,0.0,0.0
30498,0.0,0.0,0.0,0.0,0.0,0.0,0.0,0.0
30423,0.0,0.0,0.0,0.0,0.0,0.0,0.0,0.0
30379,0.0,0.0,0.0,0.0,0.0,0.0,0.0,0.0
30313,0.0,0.0,0.0,0.0,0.0,0.0,0.0,0.0
30265,0.0,0.0,0.0,0.0,0.0,0.0,0.0,0.0
30231,0.0,0.0,0.0,0.0,0.0,0.0,0.0,0.0
30194,0.0,0.0,0.0,0.0,0.0,0.0,0.0,0.0
30158,0.0,0.0,0.0,0.0,0.0,0.0,0.0,0.0
30016,0.0,0.0,0.0,0.0,0.0,0.0,0.0,0.0
29996,0.0,0.0,0.0,0.0,0.0,0.0,0.0,0.0
29838,0.0,0.0,0.0,0.0,0.0,0.0,0.0,0.0
29797,0.0,0.0,0.0,0.0,0.0,0.0,0.0,0.0
29778,0.0,0.0,0.0,0.0,0.0,0.0,0.0,0.0
29650,0.0,0.0,0.0,0.0,0.0,0.0,0.0,0.0
29614,0.0,0.0,0.0,0.0,0.0,0.0,0.0,0.0
29519,0.0,0.0,0.0,0.0,0.0,0.0,0.0,0.0
29497,0.0,0.0,0.0,0.0,0.0,0.0,0.0,0.0
29466,0.0,0.0,0.0,0.0,0.0,0.0,0.0,0.0
29434,0.0,0.0,0.0,0.0,0.0,0.0,0.0,0.0
29424,0.0,0.0,0.0,0.0,0.0,0.0,0.0,0.0
29404,0.0,0.0,0.0,0.0,0.0,0.0,0.0,0.0
29407,0.0,0.0,0.0,0.0,0.0,0.0,0.0,0.0
29389,0.0,0.0,0.0,0.0,0.0,0.0,0.0,0.0
29360,0.0,0.0,0.0,0.0,0.0,0.0,0.0,0.0
29354,0.0,0.0,0.0,0.0,0.0,0.0,0.0,0.0
29351,0.0,0.0,0.0,0.0,0.0,0.0,0.0,0.0
29331,0.0,0.0,0.0,0.0,0.0,0.0,0.0,0.0
29295,0.0,0.0,0.0,0.0,0.0,0.0,0.0,0.0
29252,0.0,0.0,0.0,0.0,0.0,0.0,0.0,0.0
29225,0.0,0.0,0.0,0.0,0.0,0.0,0.0,0.0
29209,0.0,0.0,0.0,0.0,0.0,0.0,0.0,0.0
29173,0.0,0.0,0.0,0.0,0.0,0.0,0.0,0.0
29147,0.0,0.0,0.0,0.0,0.0,0.0,0.0,0.0
29118,0.0,0.0,0.0,0.0,0.0,0.0,0.0,0.0
29086,0.0,0.0,0.0,0.0,0.0,0.0,0.0,0.0
29047,0.0,0.0,0.0,0.0,0.0,0.0,0.0,0.0
28973,0.0,0.0,0.0,0.0,0.0,0.0,0.0,0.0
28929,0.0,0.0,0.0,0.0,0.0,0.0,0.0,0.0
28899,0.0,0.0,0.0,0.0,0.0,0.0,0.0,0.0
28865,0.0,0.0,0.0,0.0,0.0,0.0,0.0,0.0
28815,0.0,0.0,0.0,0.0,0.0,0.0,0.0,0.0
28760,0.0,0.0,0.0,0.0,0.0,0.0,0.0,0.0
28641,0.0,0.0,0.0,0.0,0.0,0.0,0.0,0.0
28573,0.0,0.0,0.0,0.0,0.0,0.0,0.0,0.0
28396,0.0,0.0,0.0,0.0,0.0,0.0,0.0,0.0
28329,0.0,0.0,0.0,0.0,0.0,0.0,0.0,0.0
28264,0.0,0.0,0.0,0.0,0.0,0.0,0.0,0.0
28030,0.0,0.0,0.0,0.0,0.0,0.0,0.0,0.0
27986,0.0,0.0,0.0,0.0,0.0,0.0,0.0,0.0
27941,0.0,0.0,0.0,0.0,0.0,0.0,0.0,0.0
27843,0.0,0.0,0.0,0.0,0.0,0.0,0.0,0.0
27745,0.0,0.0,0.0,0.0,0.0,0.0,0.0,0.0
27685,0.0,0.0,0.0,0.0,0.0,0.0,0.0,0.0
27633,0.0,0.0,0.0,0.0,0.0,0.0,0.0,0.0
27523,0.0,0.0,0.0,0.0,0.0,0.0,0.0,0.0
27378,0.0,0.0,0.0,0.0,0.0,0.0,0.0,0.0
27311,0.0,0.0,0.0,0.0,0.0,0.0,0.0,0.0
27246,0.0,0.0,0.0,0.0,0.0,0.0,0.0,0.0
27188,0.0,0.0,0.0,0.0,0.0,0.0,0.0,0.0
27129,0.0,0.0,0.0,0.0,0.0,0.0,0.0,0.0
27050,0.0,0.0,0.0,0.0,0.0,0.0,0.0,0.0
26995,0.0,0.0,0.0,0.0,0.0,0.0,0.0,0.0
26958,0.0,0.0,0.0,0.0,0.0,0.0,0.0,0.0
26906,0.0,0.0,0.0,0.0,0.0,0.0,0.0,0.0
26838,0.0,0.0,0.0,0.0,0.0,0.0,0.0,0.0
26709,0.0,0.0,0.0,0.0,0.0,0.0,0.0,0.0
26643,0.0,0.0,0.0,0.0,0.0,0.0,0.0,0.0
26542,0.0,0.0,0.0,0.0,0.0,0.0,0.0,0.0
26478,0.0,0.0,0.0,0.0,0.0,0.0,0.0,0.0
26338,0.0,0.0,0.0,0.0,0.0,0.0,0.0,0.0
26264,0.0,0.0,0.0,0.0,0.0,0.0,0.0,0.0
26170,0.0,0.0,0.0,0.0,0.0,0.0,0.0,0.0
26080,0.0,0.0,0.0,0.0,0.0,0.0,0.0,0.0
25976,0.0,0.0,0.0,0.0,0.0,0.0,0.0,0.0
25856,0.0,0.0,0.0,0.0,0.0,0.0,0.0,0.0
25775,0.0,0.0,0.0,0.0,0.0,0.0,0.0,0.0
25706,0.0,0.0,0.0,0.0,0.0,0.0,0.0,0.0
25593,0.0,0.0,0.0,0.0,0.0,0.0,0.0,0.0
25524,0.0,0.0,0.0,0.0,0.0,0.0,0.0,0.0
25447,0.0,0.0,0.0,0.0,0.0,0.0,0.0,0.0
25382,0.0,0.0,0.0,0.0,0.0,0.0,0.0,0.0
25116,0.0,0.0,0.0,0.0,0.0,0.0,0.0,0.0
25057,0.0,0.0,0.0,0.0,0.0,0.0,0.0,0.0
25005,0.0,0.0,0.0,0.0,0.0,0.0,0.0,0.0
24925,0.0,0.0,0.0,0.0,0.0,0.0,0.0,0.0
24840,0.0,0.0,0.0,0.0,0.0,0.0,0.0,0.0
24754,0.0,0.0,0.0,0.0,0.0,0.0,0.0,0.0
24695,0.0,0.0,0.0,0.0,0.0,0.0,0.0,0.0
24646,0.0,0.0,0.0,0.0,0.0,0.0,0.0,0.0
24612,0.0,0.0,0.0,0.0,0.0,0.0,0.0,0.0
24513,0.0,0.0,0.0,0.0,0.0,0.0,0.0,0.0
24414,0.0,0.0,0.0,0.0,0.0,0.0,0.0,0.0
24391,0.0,0.0,0.0,0.0,0.0,0.0,0.0,0.0
24327,0.0,0.0,0.0,0.0,0.0,0.0,0.0,0.0
24228,0.0,0.0,0.0,0.0,0.0,0.0,0.0,0.0
24214,0.0,0.0,0.0,0.0,0.0,0.0,0.0,0.0
24153,0.0,0.0,0.0,0.0,0.0,0.0,0.0,0.0
24145,0.0,0.0,0.0,0.0,0.0,0.0,0.0,0.0
24133,0.0,0.0,0.0,0.0,0.0,0.0,0.0,0.0
24084,0.0,0.0,0.0,0.0,0.0,0.0,0.0,0.0
24083,0.0,0.0,0.0,0.0,0.0,0.0,0.0,0.0
24079,0.0,0.0,0.0,0.0,0.0,0.0,0.0,0.0
24065,0.0,0.0,0.0,0.0,0.0,0.0,0.0,0.0
24050,0.0,0.0,0.0,0.0,0.0,0.0,0.0,0.0
24048,0.0,0.0,0.0,0.0,0.0,0.0,0.0,0.0
24064,0.0,0.0,0.0,0.0,0.0,0.0,0.0,0.0
24056,0.0,0.0,0.0,0.0,0.0,0.0,0.0,0.0
24067,0.0,0.0,0.0,0.0,0.0,0.0,0.0,0.0
24078,0.0,0.0,0.0,0.0,0.0,0.0,0.0,0.0
24111,0.0,0.0,0.0,0.0,0.0,0.0,0.0,0.0
24120,0.0,0.0,0.0,0.0,0.0,0.0,0.0,0.0
24132,0.0,0.0,0.0,0.0,0.0,0.0,0.0,0.0
24157,0.0,0.0,0.0,0.0,0.0,0.0,0.0,0.0
24164,0.0,0.0,0.0,0.0,0.0,0.0,0.0,0.0
24175,0.0,0.0,0.0,0.0,0.0,0.0,0.0,0.0
24182,0.0,0.0,0.0,0.0,0.0,0.0,0.0,0.0
24207,0.0,0.0,0.0,0.0,0.0,0.0,0.0,0.0
24204,0.0,0.0,0.0,0.0,0.0,0.0,0.0,0.0
24194,0.0,0.0,0.0,0.0,0.0,0.0,0.0,0.0
24206,0.0,0.0,0.0,0.0,0.0,0.0,0.0,0.0
24192,0.0,0.0,0.0,0.0,0.0,0.0,0.0,0.0
24190,0.0,0.0,0.0,0.0,0.0,0.0,0.0,0.0
24189,0.0,0.0,0.0,0.0,0.0,0.0,0.0,0.0
24190,0.0,0.0,0.0,0.0,0.0,0.0,0.0,0.0
24174,0.0,0.0,0.0,0.0,0.0,0.0,0.0,0.0
24148,0.0,0.0,0.0,0.0,0.0,0.0,0.0,0.0
24127,0.0,0.0,0.0,0.0,0.0,0.0,0.0,0.0
24098,0.0,0.0,0.0,0.0,0.0,0.0,0.0,0.0
24077,0.0,0.0,0.0,0.0,0.0,0.0,0.0,0.0
24030,0.0,0.0,0.0,0.0,0.0,0.0,0.0,0.0
23992,0.0,0.0,0.0,0.0,0.0,0.0,0.0,0.0
23938,0.0,0.0,0.0,0.0,0.0,0.0,0.0,0.0
23904,0.0,0.0,0.0,0.0,0.0,0.0,0.0,0.0
23815,0.0,0.0,0.0,0.0,0.0,0.0,0.0,0.0
23771,0.0,0.0,0.0,0.0,0.0,0.0,0.0,0.0
23658,0.0,0.0,0.0,0.0,0.0,0.0,0.0,0.0
23617,0.0,0.0,0.0,0.0,0.0,0.0,0.0,0.0
23522,0.0,0.0,0.0,0.0,0.0,0.0,0.0,0.0
23457,0.0,0.0,0.0,0.0,0.0,0.0,0.0,0.0
23392,0.0,0.0,0.0,0.0,0.0,0.0,0.0,0.0
23316,0.0,0.0,0.0,0.0,0.0,0.0,0.0,0.0
23232,0.0,0.0,0.0,0.0,0.0,0.0,0.0,0.0
23179,0.0,0.0,0.0,0.0,0.0,0.0,0.0,0.0
23102,0.0,0.0,0.0,0.0,0.0,0.0,0.0,0.0
23080,0.0,0.0,0.0,0.0,0.0,0.0,0.0,0.0
22935,0.0,0.0,0.0,0.0,0.0,0.0,0.0,0.0
22855,0.0,0.0,0.0,0.0,0.0,0.0,0.0,0.0
22826,0.0,0.0,0.0,0.0,0.0,0.0,0.0,0.0
22705,0.0,0.0,0.0,0.0,0.0,0.0,0.0,0.0
22694,0.0,0.0,0.0,0.0,0.0,0.0,0.0,0.0
22581,0.0,0.0,0.0,0.0,0.0,0.0,0.0,0.0
22537,0.0,0.0,0.0,0.0,0.0,0.0,0.0,0.0
22449,0.0,0.0,0.0,0.0,0.0,0.0,0.0,0.0
22416,0.0,0.0,0.0,0.0,0.0,0.0,0.0,0.0
22360,0.0,0.0,0.0,0.0,0.0,0.0,0.0,0.0
22270,0.0,0.0,0.0,0.0,0.0,0.0,0.0,0.0
22225,0.0,0.0,0.0,0.0,0.0,0.0,0.0,0.0
22193,0.0,0.0,0.0,0.0,0.0,0.0,0.0,0.0
22074,0.0,0.0,0.0,0.0,0.0,0.0,0.0,0.0
22040,0.0,0.0,0.0,0.0,0.0,0.0,0.0,0.0
21932,0.0,0.0,0.0,0.0,0.0,0.0,0.0,0.0
21888,0.0,0.0,0.0,0.0,0.0,0.0,0.0,0.0
21786,0.0,0.0,0.0,0.0,0.0,0.0,0.0,0.0
21706,0.0,0.0,0.0,0.0,0.0,0.0,0.0,0.0
21634,0.0,0.0,0.0,0.0,0.0,0.0,0.0,0.0
21569,0.0,0.0,0.0,0.0,0.0,0.0,0.0,0.0
21527,0.0,0.0,0.0,0.0,0.0,0.0,0.0,0.0
21434,0.0,0.0,0.0,0.0,0.0,0.0,0.0,0.0
21366,0.0,0.0,0.0,0.0,0.0,0.0,0.0,0.0
21290,0.0,0.0,0.0,0.0,0.0,0.0,0.0,0.0
21255,0.0,0.0,0.0,0.0,0.0,0.0,0.0,0.0
21186,0.0,0.0,0.0,0.0,0.0,0.0,0.0,0.0
21118,0.0,0.0,0.0,0.0,0.0,0.0,0.0,0.0
20946,0.0,0.0,0.0,0.0,0.0,0.0,0.0,0.0
20940,0.0,0.0,0.0,0.0,0.0,0.0,0.0,0.0
20775,0.0,0.0,0.0,0.0,0.0,0.0,0.0,0.0
20738,0.0,0.0,0.0,0.0,0.0,0.0,0.0,0.0
20698,0.0,0.0,0.0,0.0,0.0,0.0,0.0,0.0
20655,0.0,0.0,0.0,0.0,0.0,0.0,0.0,0.0
20661,0.0,0.0,0.0,0.0,0.0,0.0,0.0,0.0
20656,0.0,0.0,0.0,0.0,0.0,0.0,0.0,0.0
20613,0.0,0.0,0.0,0.0,0.0,0.0,0.0,0.0
20617,0.0,0.0,0.0,0.0,0.0,0.0,0.0,0.0
20595,0.0,0.0,0.0,0.0,0.0,0.0,0.0,0.0
20607,0.0,0.0,0.0,0.0,0.0,0.0,0.0,0.0
20622,0.0,0.0,0.0,0.0,0.0,0.0,0.0,0.0
20641,0.0,0.0,0.0,0.0,0.0,0.0,0.0,0.0
20689,0.0,0.0,0.0,0.0,0.0,0.0,0.0,0.0
20747,0.0,0.0,0.0,0.0,0.0,0.0,0.0,0.0
20816,0.0,0.0,0.0,0.0,0.0,0.0,0.0,0.0
20914,0.0,0.0,0.0,0.0,0.0,0.0,0.0,0.0
21011,0.0,0.0,0.0,0.0,0.0,0.0,0.0,0.0
21173,0.0,0.0,0.0,0.0,0.0,0.0,0.0,0.0
21271,0.0,0.0,0.0,0.0,0.0,0.0,0.0,0.0
21423,0.0,0.0,0.0,0.0,0.0,0.0,0.0,0.0
21504,0.0,0.0,0.0,0.0,0.0,0.0,0.0,0.0
21901,0.0,0.0,0.0,0.0,0.0,0.0,0.0,0.0
21993,0.0,0.0,0.0,0.0,0.0,0.0,0.0,0.0
22102,0.0,0.0,0.0,0.0,0.0,0.0,0.0,0.0
22176,0.0,0.0,0.0,0.0,0.0,0.0,0.0,0.0
22225,0.0,0.0,0.0,0.0,0.0,0.0,0.0,0.0
22284,0.0,0.0,0.0,0.0,0.0,0.0,0.0,0.0
22608,0.0,0.0,0.0,0.0,0.0,0.0,0.0,0.0
22670,0.0,0.0,0.0,0.0,0.0,0.0,0.0,0.0
22726,0.0,0.0,0.0,0.0,0.0,0.0,0.0,0.0
22822,0.0,0.0,0.0,0.0,0.0,0.0,0.0,0.0
22906,0.0,0.0,0.0,0.0,0.0,0.0,0.0,0.0
22938,0.0,0.0,0.0,0.0,0.0,0.0,0.0,0.0
22954,0.0,0.0,0.0,0.0,0.0,0.0,0.0,0.0
23048,0.0,0.0,0.0,0.0,0.0,0.0,0.0,0.0
23059,0.0,0.0,0.0,0.0,0.0,0.0,0.0,0.0
23181,0.0,0.0,0.0,0.0,0.0,0.0,0.0,0.0
23175,0.0,0.0,0.0,0.0,0.0,0.0,0.0,0.0
23174,0.0,0.0,0.0,0.0,0.0,0.0,0.0,0.0
23184,0.0,0.0,0.0,0.0,0.0,0.0,0.0,0.0
23157,0.0,0.0,0.0,0.0,0.0,0.0,0.0,0.0
23149,0.0,0.0,0.0,0.0,0.0,0.0,0.0,0.0
23120,0.0,0.0,0.0,0.0,0.0,0.0,0.0,0.0
23131,0.0,0.0,0.0,0.0,0.0,0.0,0.0,0.0
23121,0.0,0.0,0.0,0.0,0.0,0.0,0.0,0.0
23120,0.0,0.0,0.0,0.0,0.0,0.0,0.0,0.0
23091,0.0,0.0,0.0,0.0,0.0,0.0,0.0,0.0
23074,0.0,0.0,0.0,0.0,0.0,0.0,0.0,0.0
23052,0.0,0.0,0.0,0.0,0.0,0.0,0.0,0.0
23039,0.0,0.0,0.0,0.0,0.0,0.0,0.0,0.0
22967,0.0,0.0,0.0,0.0,0.0,0.0,0.0,0.0
22953,0.0,0.0,0.0,0.0,0.0,0.0,0.0,0.0
22938,0.0,0.0,0.0,0.0,0.0,0.0,0.0,0.0
22944,0.0,0.0,0.0,0.0,0.0,0.0,0.0,0.0
22941,0.0,0.0,0.0,0.0,0.0,0.0,0.0,0.0
22920,0.0,0.0,0.0,0.0,0.0,0.0,0.0,0.0
22935,0.0,0.0,0.0,0.0,0.0,0.0,0.0,0.0
22940,0.0,0.0,0.0,0.0,0.0,0.0,0.0,0.0
22966,0.0,0.0,0.0,0.0,0.0,0.0,0.0,0.0
22976,0.0,0.0,0.0,0.0,0.0,0.0,0.0,0.0
22992,0.0,0.0,0.0,0.0,0.0,0.0,0.0,0.0
23018,0.0,0.0,0.0,0.0,0.0,0.0,0.0,0.0
23046,0.0,0.0,0.0,0.0,0.0,0.0,0.0,0.0
23080,0.0,0.0,0.0,0.0,0.0,0.0,0.0,0.0
23121,0.0,0.0,0.0,0.0,0.0,0.0,0.0,0.0
23167,0.0,0.0,0.0,0.0,0.0,0.0,0.0,0.0
23203,0.0,0.0,0.0,0.0,0.0,0.0,0.0,0.0
23322,0.0,0.0,0.0,0.0,0.0,0.0,0.0,0.0
23368,0.0,0.0,0.0,0.0,0.0,0.0,0.0,0.0
23450,0.0,0.0,0.0,0.0,0.0,0.0,0.0,0.0
23493,0.0,0.0,0.0,0.0,0.0,0.0,0.0,0.0
23572,0.0,0.0,0.0,0.0,0.0,0.0,0.0,0.0
23645,0.0,0.0,0.0,0.0,0.0,0.0,0.0,0.0
23704,0.0,0.0,0.0,0.0,0.0,0.0,0.0,0.0
23783,0.0,0.0,0.0,0.0,0.0,0.0,0.0,0.0
23849,0.0,0.0,0.0,0.0,0.0,0.0,0.0,0.0
23918,0.0,0.0,0.0,0.0,0.0,0.0,0.0,0.0
24165,0.0,0.0,0.0,0.0,0.0,0.0,0.0,0.0
24227,0.0,0.0,0.0,0.0,0.0,0.0,0.0,0.0
24501,0.0,0.0,0.0,0.0,0.0,0.0,0.0,0.0
24575,0.0,0.0,0.0,0.0,0.0,0.0,0.0,0.0
24805,0.0,0.0,0.0,0.0,0.0,0.0,0.0,0.0
24948,0.0,0.0,0.0,0.0,0.0,0.0,0.0,0.0
25029,0.0,0.0,0.0,0.0,0.0,0.0,0.0,0.0
25178,0.0,0.0,0.0,0.0,0.0,0.0,0.0,0.0
25376,0.0,0.0,0.0,0.0,0.0,0.0,0.0,0.0
25459,0.0,0.0,0.0,0.0,0.0,0.0,0.0,0.0
25662,0.0,0.0,0.0,0.0,0.0,0.0,0.0,0.0
25758,0.0,0.0,0.0,0.0,0.0,0.0,0.0,0.0
25885,0.0,0.0,0.0,0.0,0.0,0.0,0.0,0.0
25969,0.0,0.0,0.0,0.0,0.0,0.0,0.0,0.0
26195,0.0,0.0,0.0,0.0,0.0,0.0,0.0,0.0
26276,0.0,0.0,0.0,0.0,0.0,0.0,0.0,0.0
26744,0.0,0.0,0.0,0.0,0.0,0.0,0.0,0.0
26830,0.0,0.0,0.0,0.0,0.0,0.0,0.0,0.0
27095,0.0,0.0,0.0,0.0,0.0,0.0,0.0,0.0
27182,0.0,0.0,0.0,0.0,0.0,0.0,0.0,0.0
27259,0.0,0.0,0.0,0.0,0.0,0.0,0.0,0.0
27337,0.0,0.0,0.0,0.0,0.0,0.0,0.0,0.0
27722,0.0,0.0,0.0,0.0,0.0,0.0,0.0,0.0
27805,0.0,0.0,0.0,0.0,0.0,0.0,0.0,0.0
27922,0.0,0.0,0.0,0.0,0.0,0.0,0.0,0.0
28099,0.0,0.0,0.0,0.0,0.0,0.0,0.0,0.0
28196,0.0,0.0,0.0,0.0,0.0,0.0,0.0,0.0
28281,0.0,0.0,0.0,0.0,0.0,0.0,0.0,0.0
28347,0.0,0.0,0.0,0.0,0.0,0.0,0.0,0.0
28531,0.0,0.0,0.0,0.0,0.0,0.0,0.0,0.0
28603,0.0,0.0,0.0,0.0,0.0,0.0,0.0,0.0
28703,0.0,0.0,0.0,0.0,0.0,0.0,0.0,0.0
28830,0.0,0.0,0.0,0.0,0.0,0.0,0.0,0.0
28891,0.0,0.0,0.0,0.0,0.0,0.0,0.0,0.0
28962,0.0,0.0,0.0,0.0,0.0,0.0,0.0,0.0
29031,0.0,0.0,0.0,0.0,0.0,0.0,0.0,0.0
29089,0.0,0.0,0.0,0.0,0.0,0.0,0.0,0.0
29155,0.0,0.0,0.0,0.0,0.0,0.0,0.0,0.0
29225,0.0,0.0,0.0,0.0,0.0,0.0,0.0,0.0
29441,0.0,0.0,0.0,0.0,0.0,0.0,0.0,0.0
29523,0.0,0.0,0.0,0.0,0.0,0.0,0.0,0.0
29678,0.0,0.0,0.0,0.0,0.0,0.0,0.0,0.0
29754,0.0,0.0,0.0,0.0,0.0,0.0,0.0,0.0
29890,0.0,0.0,0.0,0.0,0.0,0.0,0.0,0.0
29972,0.0,0.0,0.0,0.0,0.0,0.0,0.0,0.0
30053,0.0,0.0,0.0,0.0,0.0,0.0,0.0,0.0
30282,0.0,0.0,0.0,0.0,0.0,0.0,0.0,0.0
30345,0.0,0.0,0.0,0.0,0.0,0.0,0.0,0.0
30432,0.0,0.0,0.0,0.0,0.0,0.0,0.0,0.0
30505,0.0,0.0,0.0,0.0,0.0,0.0,0.0,0.0
30578,0.0,0.0,0.0,0.0,0.0,0.0,0.0,0.0
30657,0.0,0.0,0.0,0.0,0.0,0.0,0.0,0.0
30729,0.0,0.0,0.0,0.0,0.0,0.0,0.0,0.0
30894,0.0,0.0,0.0,0.0,0.0,0.0,0.0,0.0
30961,0.0,0.0,0.0,0.0,0.0,0.0,0.0,0.0
31122,0.0,0.0,0.0,0.0,0.0,0.0,0.0,0.0
31190,0.0,0.0,0.0,0.0,0.0,0.0,0.0,0.0
31361,0.0,0.0,0.0,0.0,0.0,0.0,0.0,0.0
31428,0.0,0.0,0.0,0.0,0.0,0.0,0.0,0.0
31530,0.0,0.0,0.0,0.0,0.0,0.0,0.0,0.0
31587,0.0,0.0,0.0,0.0,0.0,0.0,0.0,0.0
31639,0.0,0.0,0.0,0.0,0.0,0.0,0.0,0.0
31818,0.0,0.0,0.0,0.0,0.0,0.0,0.0,0.0
31870,0.0,0.0,0.0,0.0,0.0,0.0,0.0,0.0
32025,0.0,0.0,0.0,0.0,0.0,0.0,0.0,0.0
32085,0.0,0.0,0.0,0.0,0.0,0.0,0.0,0.0
32126,0.0,0.0,0.0,0.0,0.0,0.0,0.0,0.0
32457,0.0,0.0,0.0,0.0,0.0,0.0,0.0,0.0
32508,0.0,0.0,0.0,0.0,0.0,0.0,0.0,0.0
32562,0.0,0.0,0.0,0.0,0.0,0.0,0.0,0.0
32593,0.0,0.0,0.0,0.0,0.0,0.0,0.0,0.0
32656,0.0,0.0,0.0,0.0,0.0,0.0,0.0,0.0
32700,0.0,0.0,0.0,0.0,0.0,0.0,0.0,0.0
32817,0.0,0.0,0.0,0.0,0.0,0.0,0.0,0.0
32845,0.0,0.0,0.0,0.0,0.0,0.0,0.0,0.0
32867,0.0,0.0,0.0,0.0,0.0,0.0,0.0,0.0
32958,0.0,0.0,0.0,0.0,0.0,0.0,0.0,0.0
33024,0.0,0.0,0.0,0.0,0.0,0.0,0.0,0.0
33046,0.0,0.0,0.0,0.0,0.0,0.0,0.0,0.0
33124,0.0,0.0,0.0,0.0,0.0,0.0,0.0,0.0
33152,0.0,0.0,0.0,0.0,0.0,0.0,0.0,0.0
33213,0.0,0.0,0.0,0.0,0.0,0.0,0.0,0.0
33234,0.0,0.0,0.0,0.0,0.0,0.0,0.0,0.0
33239,0.0,0.0,0.0,0.0,0.0,0.0,0.0,0.0
33272,0.0,0.0,0.0,0.0,0.0,0.0,0.0,0.0
33293,0.0,0.0,0.0,0.0,0.0,0.0,0.0,0.0
33298,0.0,0.0,0.0,0.0,0.0,0.0,0.0,0.0
33301,0.0,0.0,0.0,0.0,0.0,0.0,0.0,0.0
33329,0.0,0.0,0.0,0.0,0.0,0.0,0.0,0.0
33369,0.0,0.0,0.0,0.0,0.0,0.0,0.0,0.0
33387,0.0,0.0,0.0,0.0,0.0,0.0,0.0,0.0
33395,0.0,0.0,0.0,0.0,0.0,0.0,0.0,0.0
33431,0.0,0.0,0.0,0.0,0.0,0.0,0.0,0.0
33443,0.0,0.0,0.0,0.0,0.0,0.0,0.0,0.0
33469,0.0,0.0,0.0,0.0,0.0,0.0,0.0,0.0
33484,0.0,0.0,0.0,0.0,0.0,0.0,0.0,0.0
33525,0.0,0.0,0.0,0.0,0.0,0.0,0.0,0.0
33548,0.0,0.0,0.0,0.0,0.0,0.0,0.0,0.0
33561,0.0,0.0,0.0,0.0,0.0,0.0,0.0,0.0
33571,0.0,0.0,0.0,0.0,0.0,0.0,0.0,0.0
33581,0.0,0.0,0.0,0.0,0.0,0.0,0.0,0.0
33625,0.0,0.0,0.0,0.0,0.0,0.0,0.0,0.0
33637,0.0,0.0,0.0,0.0,0.0,0.0,0.0,0.0
33671,0.0,0.0,0.0,0.0,0.0,0.0,0.0,0.0
33689,0.0,0.0,0.0,0.0,0.0,0.0,0.0,0.0
33712,0.0,0.0,0.0,0.0,0.0,0.0,0.0,0.0
33731,0.0,0.0,0.0,0.0,0.0,0.0,0.0,0.0
33770,0.0,0.0,0.0,0.0,0.0,0.0,0.0,0.0
33790,0.0,0.0,0.0,0.0,0.0,0.0,0.0,0.0
33856,0.0,0.0,0.0,0.0,0.0,0.0,0.0,0.0
33895,0.0,0.0,0.0,0.0,0.0,0.0,0.0,0.0
33930,0.0,0.0,0.0,0.0,0.0,0.0,0.0,0.0
33987,0.0,0.0,0.0,0.0,0.0,0.0,0.0,0.0
33999,0.0,0.0,0.0,0.0,0.0,0.0,0.0,0.0
34019,0.0,0.0,0.0,0.0,0.0,0.0,0.0,0.0
34046,0.0,0.0,0.0,0.0,0.0,0.0,0.0,0.0
34072,0.0,0.0,0.0,0.0,0.0,0.0,0.0,0.0
34136,0.0,0.0,0.0,0.0,0.0,0.0,0.0,0.0
34155,0.0,0.0,0.0,0.0,0.0,0.0,0.0,0.0
34177,0.0,0.0,0.0,0.0,0.0,0.0,0.0,0.0
34205,0.0,0.0,0.0,0.0,0.0,0.0,0.0,0.0
34240,0.0,0.0,0.0,0.0,0.0,0.0,0.0,0.0
34256,0.0,0.0,0.0,0.0,0.0,0.0,0.0,0.0
34279,0.0,0.0,0.0,0.0,0.0,0.0,0.0,0.0
34298,0.0,0.0,0.0,0.0,0.0,0.0,0.0,0.0
34333,0.0,0.0,0.0,0.0,0.0,0.0,0.0,0.0
34365,0.0,0.0,0.0,0.0,0.0,0.0,0.0,0.0
34376,0.0,0.0,0.0,0.0,0.0,0.0,0.0,0.0
34426,0.0,0.0,0.0,0.0,0.0,0.0,0.0,0.0
34433,0.0,0.0,0.0,0.0,0.0,0.0,0.0,0.0
34453,0.0,0.0,0.0,0.0,0.0,0.0,0.0,0.0
34493,0.0,0.0,0.0,0.0,0.0,0.0,0.0,0.0
34497,0.0,0.0,0.0,0.0,0.0,0.0,0.0,0.0
34542,0.0,0.0,0.0,0.0,0.0,0.0,0.0,0.0
34552,0.0,0.0,0.0,0.0,0.0,0.0,0.0,0.0
34572,0.0,0.0,0.0,0.0,0.0,0.0,0.0,0.0
34578,0.0,0.0,0.0,0.0,0.0,0.0,0.0,0.0
34590,0.0,0.0,0.0,0.0,0.0,0.0,0.0,0.0
34586,0.0,0.0,0.0,0.0,0.0,0.0,0.0,0.0
34572,0.0,0.0,0.0,0.0,0.0,0.0,0.0,0.0
34577,0.0,0.0,0.0,0.0,0.0,0.0,0.0,0.0
34574,0.0,0.0,0.0,0.0,0.0,0.0,0.0,0.0
34550,0.0,0.0,0.0,0.0,0.0,0.0,0.0,0.0
34531,0.0,0.0,0.0,0.0,0.0,0.0,0.0,0.0
34523,0.0,0.0,0.0,0.0,0.0,0.0,0.0,0.0
34513,0.0,0.0,0.0,0.0,0.0,0.0,0.0,0.0
34499,0.0,0.0,0.0,0.0,0.0,0.0,0.0,0.0
34483,0.0,0.0,0.0,0.0,0.0,0.0,0.0,0.0
34468,0.0,0.0,0.0,0.0,0.0,0.0,0.0,0.0
34437,0.0,0.0,0.0,0.0,0.0,0.0,0.0,0.0
34409,0.0,0.0,0.0,0.0,0.0,0.0,0.0,0.0
34380,0.0,0.0,0.0,0.0,0.0,0.0,0.0,0.0
34341,0.0,0.0,0.0,0.0,0.0,0.0,0.0,0.0
34310,0.0,0.0,0.0,0.0,0.0,0.0,0.0,0.0
34281,0.0,0.0,0.0,0.0,0.0,0.0,0.0,0.0
34242,0.0,0.0,0.0,0.0,0.0,0.0,0.0,0.0
34202,0.0,0.0,0.0,0.0,0.0,0.0,0.0,0.0
34147,0.0,0.0,0.0,0.0,0.0,0.0,0.0,0.0
34106,0.0,0.0,0.0,0.0,0.0,0.0,0.0,0.0
34057,0.0,0.0,0.0,0.0,0.0,0.0,0.0,0.0
34039,0.0,0.0,0.0,0.0,0.0,0.0,0.0,0.0
33954,0.0,0.0,0.0,0.0,0.0,0.0,0.0,0.0
33891,0.0,0.0,0.0,0.0,0.0,0.0,0.0,0.0
33865,0.0,0.0,0.0,0.0,0.0,0.0,0.0,0.0
33814,0.0,0.0,0.0,0.0,0.0,0.0,0.0,0.0
33720,0.0,0.0,0.0,0.0,0.0,0.0,0.0,0.0
33684,0.0,0.0,0.0,0.0,0.0,0.0,0.0,0.0
33614,0.0,0.0,0.0,0.0,0.0,0.0,0.0,0.0
33562,0.0,0.0,0.0,0.0,0.0,0.0,0.0,0.0
33524,0.0,0.0,0.0,0.0,0.0,0.0,0.0,0.0
33483,0.0,0.0,0.0,0.0,0.0,0.0,0.0,0.0
33433,0.0,0.0,0.0,0.0,0.0,0.0,0.0,0.0
33397,0.0,0.0,0.0,0.0,0.0,0.0,0.0,0.0
33350,0.0,0.0,0.0,0.0,0.0,0.0,0.0,0.0
33292,0.0,0.0,0.0,0.0,0.0,0.0,0.0,0.0
33249,0.0,0.0,0.0,0.0,0.0,0.0,0.0,0.0
33105,0.0,0.0,0.0,0.0,0.0,0.0,0.0,0.0
33062,0.0,0.0,0.0,0.0,0.0,0.0,0.0,0.0
33024,0.0,0.0,0.0,0.0,0.0,0.0,0.0,0.0
32946,0.0,0.0,0.0,0.0,0.0,0.0,0.0,0.0
32870,0.0,0.0,0.0,0.0,0.0,0.0,0.0,0.0
32819,0.0,0.0,0.0,0.0,0.0,0.0,0.0,0.0
32784,0.0,0.0,0.0,0.0,0.0,0.0,0.0,0.0
32694,0.0,0.0,0.0,0.0,0.0,0.0,0.0,0.0
32660,0.0,0.0,0.0,0.0,0.0,0.0,0.0,0.0
32542,0.0,0.0,0.0,0.0,0.0,0.0,0.0,0.0
32504,0.0,0.0,0.0,0.0,0.0,0.0,0.0,0.0
32434,0.0,0.0,0.0,0.0,0.0,0.0,0.0,0.0
32395,0.0,0.0,0.0,0.0,0.0,0.0,0.0,0.0
32321,0.0,0.0,0.0,0.0,0.0,0.0,0.0,0.0
32292,0.0,0.0,0.0,0.0,0.0,0.0,0.0,0.0
32138,0.0,0.0,0.0,0.0,0.0,0.0,0.0,0.0
32099,0.0,0.0,0.0,0.0,0.0,0.0,0.0,0.0
32069,0.0,0.0,0.0,0.0,0.0,0.0,0.0,0.0
32031,0.0,0.0,0.0,0.0,0.0,0.0,0.0,0.0
31919,0.0,0.0,0.0,0.0,0.0,0.0,0.0,0.0
31893,0.0,0.0,0.0,0.0,0.0,0.0,0.0,0.0
31865,0.0,0.0,0.0,0.0,0.0,0.0,0.0,0.0
31797,0.0,0.0,0.0,0.0,0.0,0.0,0.0,0.0
31741,0.0,0.0,0.0,0.0,0.0,0.0,0.0,0.0
31740,0.0,0.0,0.0,0.0,0.0,0.0,0.0,0.0
31722,0.0,0.0,0.0,0.0,0.0,0.0,0.0,0.0
31667,0.0,0.0,0.0,0.0,0.0,0.0,0.0,0.0
31646,0.0,0.0,0.0,0.0,0.0,0.0,0.0,0.0
31629,0.0,0.0,0.0,0.0,0.0,0.0,0.0,0.0
31548,0.0,0.0,0.0,0.0,0.0,0.0,0.0,0.0
31499,0.0,0.0,0.0,0.0,0.0,0.0,0.0,0.0
31482,0.0,0.0,0.0,0.0,0.0,0.0,0.0,0.0
31443,0.0,0.0,0.0,0.0,0.0,0.0,0.0,0.0
31391,0.0,0.0,0.0,0.0,0.0,0.0,0.0,0.0
31300,0.0,0.0,0.0,0.0,0.0,0.0,0.0,0.0
31209,0.0,0.0,0.0,0.0,0.0,0.0,0.0,0.0
31223,0.0,0.0,0.0,0.0,0.0,0.0,0.0,0.0
31167,0.0,0.0,0.0,0.0,0.0,0.0,0.0,0.0
31139,0.0,0.0,0.0,0.0,0.0,0.0,0.0,0.0
31091,0.0,0.0,0.0,0.0,0.0,0.0,0.0,0.0
31081,0.0,0.0,0.0,0.0,0.0,0.0,0.0,0.0
31067,0.0,0.0,0.0,0.0,0.0,0.0,0.0,0.0
31008,0.0,0.0,0.0,0.0,0.0,0.0,0.0,0.0
30993,0.0,0.0,0.0,0.0,0.0,0.0,0.0,0.0
30989,0.0,0.0,0.0,0.0,0.0,0.0,0.0,0.0
30978,0.0,0.0,0.0,0.0,0.0,0.0,0.0,0.0
30986,0.0,0.0,0.0,0.0,0.0,0.0,0.0,0.0
30987,0.0,0.0,0.0,0.0,0.0,0.0,0.0,0.0
31013,0.0,0.0,0.0,0.0,0.0,0.0,0.0,0.0
31038,0.0,0.0,0.0,0.0,0.0,0.0,0.0,0.0
31059,0.0,0.0,0.0,0.0,0.0,0.0,0.0,0.0
31089,0.0,0.0,0.0,0.0,0.0,0.0,0.0,0.0
31122,0.0,0.0,0.0,0.0,0.0,0.0,0.0,0.0
31162,0.0,0.0,0.0,0.0,0.0,0.0,0.0,0.0
31172,0.0,0.0,0.0,0.0,0.0,0.0,0.0,0.0
31186,0.0,0.0,0.0,0.0,0.0,0.0,0.0,0.0
31187,0.0,0.0,0.0,0.0,0.0,0.0,0.0,0.0
31263,0.0,0.0,0.0,0.0,0.0,0.0,0.0,0.0
31272,0.0,0.0,0.0,0.0,0.0,0.0,0.0,0.0
31335,0.0,0.0,0.0,0.0,0.0,0.0,0.0,0.0
31348,0.0,0.0,0.0,0.0,0.0,0.0,0.0,0.0
31345,0.0,0.0,0.0,0.0,0.0,0.0,0.0,0.0
31352,0.0,0.0,0.0,0.0,0.0,0.0,0.0,0.0
31363,0.0,0.0,0.0,0.0,0.0,0.0,0.0,0.0
31419,0.0,0.0,0.0,0.0,0.0,0.0,0.0,0.0
31418,0.0,0.0,0.0,0.0,0.0,0.0,0.0,0.0
31393,0.0,0.0,0.0,0.0,0.0,0.0,0.0,0.0
31375,0.0,0.0,0.0,0.0,0.0,0.0,0.0,0.0
31365,0.0,0.0,0.0,0.0,0.0,0.0,0.0,0.0
31327,0.0,0.0,0.0,0.0,0.0,0.0,0.0,0.0
31306,0.0,0.0,0.0,0.0,0.0,0.0,0.0,0.0
31268,0.0,0.0,0.0,0.0,0.0,0.0,0.0,0.0
31242,0.0,0.0,0.0,0.0,0.0,0.0,0.0,0.0
31214,0.0,0.0,0.0,0.0,0.0,0.0,0.0,0.0
31173,0.0,0.0,0.0,0.0,0.0,0.0,0.0,0.0
31137,0.0,0.0,0.0,0.0,0.0,0.0,0.0,0.0
31068,0.0,0.0,0.0,0.0,0.0,0.0,0.0,0.0
31018,0.0,0.0,0.0,0.0,0.0,0.0,0.0,0.0
30980,0.0,0.0,0.0,0.0,0.0,0.0,0.0,0.0
30941,0.0,0.0,0.0,0.0,0.0,0.0,0.0,0.0
30890,0.0,0.0,0.0,0.0,0.0,0.0,0.0,0.0
30820,0.0,0.0,0.0,0.0,0.0,0.0,0.0,0.0
30783,0.0,0.0,0.0,0.0,0.0,0.0,0.0,0.0
30740,0.0,0.0,0.0,0.0,0.0,0.0,0.0,0.0
30678,0.0,0.0,0.0,0.0,0.0,0.0,0.0,0.0
30581,0.0,0.0,0.0,0.0,0.0,0.0,0.0,0.0
30556,0.0,0.0,0.0,0.0,0.0,0.0,0.0,0.0
30472,0.0,0.0,0.0,0.0,0.0,0.0,0.0,0.0
30400,0.0,0.0,0.0,0.0,0.0,0.0,0.0,0.0
30389,0.0,0.0,0.0,0.0,0.0,0.0,0.0,0.0
30379,0.0,0.0,0.0,0.0,0.0,0.0,0.0,0.0
30359,0.0,0.0,0.0,0.0,0.0,0.0,0.0,0.0
30251,0.0,0.0,0.0,0.0,0.0,0.0,0.0,0.0
30238,0.0,0.0,0.0,0.0,0.0,0.0,0.0,0.0
30227,0.0,0.0,0.0,0.0,0.0,0.0,0.0,0.0
30200,0.0,0.0,0.0,0.0,0.0,0.0,0.0,0.0
30153,0.0,0.0,0.0,0.0,0.0,0.0,0.0,0.0
30139,0.0,0.0,0.0,0.0,0.0,0.0,0.0,0.0
30068,0.0,0.0,0.0,0.0,0.0,0.0,0.0,0.0
30028,0.0,0.0,0.0,0.0,0.0,0.0,0.0,0.0
29982,0.0,0.0,0.0,0.0,0.0,0.0,0.0,0.0
29976,0.0,0.0,0.0,0.0,0.0,0.0,0.0,0.0
29943,0.0,0.0,0.0,0.0,0.0,0.0,0.0,0.0
29924,0.0,0.0,0.0,0.0,0.0,0.0,0.0,0.0
29841,0.0,0.0,0.0,0.0,0.0,0.0,0.0,0.0
29810,0.0,0.0,0.0,0.0,0.0,0.0,0.0,0.0
29729,0.0,0.0,0.0,0.0,0.0,0.0,0.0,0.0
29699,0.0,0.0,0.0,0.0,0.0,0.0,0.0,0.0
29589,0.0,0.0,0.0,0.0,0.0,0.0,0.0,0.0
29552,0.0,0.0,0.0,0.0,0.0,0.0,0.0,0.0
29519,0.0,0.0,0.0,0.0,0.0,0.0,0.0,0.0
29488,0.0,0.0,0.0,0.0,0.0,0.0,0.0,0.0
29463,0.0,0.0,0.0,0.0,0.0,0.0,0.0,0.0
29428,0.0,0.0,0.0,0.0,0.0,0.0,0.0,0.0
29383,0.0,0.0,0.0,0.0,0.0,0.0,0.0,0.0
29380,0.0,0.0,0.0,0.0,0.0,0.0,0.0,0.0
29387,0.0,0.0,0.0,0.0,0.0,0.0,0.0,0.0
29284,0.0,0.0,0.0,0.0,0.0,0.0,0.0,0.0
29275,0.0,0.0,0.0,0.0,0.0,0.0,0.0,0.0
29240,0.0,0.0,0.0,0.0,0.0,0.0,0.0,0.0
29223,0.0,0.0,0.0,0.0,0.0,0.0,0.0,0.0
29213,0.0,0.0,0.0,0.0,0.0,0.0,0.0,0.0
29212,0.0,0.0,0.0,0.0,0.0,0.0,0.0,0.0
29204,0.0,0.0,0.0,0.0,0.0,0.0,0.0,0.0
29205,0.0,0.0,0.0,0.0,0.0,0.0,0.0,0.0
29179,0.0,0.0,0.0,0.0,0.0,0.0,0.0,0.0
29130,0.0,0.0,0.0,0.0,0.0,0.0,0.0,0.0
29123,0.0,0.0,0.0,0.0,0.0,0.0,0.0,0.0
29155,0.0,0.0,0.0,0.0,0.0,0.0,0.0,0.0
29127,0.0,0.0,0.0,0.0,0.0,0.0,0.0,0.0
29021,0.0,0.0,0.0,0.0,0.0,0.0,0.0,0.0
29018,0.0,0.0,0.0,0.0,0.0,0.0,0.0,0.0
29076,0.0,0.0,0.0,0.0,0.0,0.0,0.0,0.0
29067,0.0,0.0,0.0,0.0,0.0,0.0,0.0,0.0
28994,0.0,0.0,0.0,0.0,0.0,0.0,0.0,0.0
28987,0.0,0.0,0.0,0.0,0.0,0.0,0.0,0.0
29020,0.0,0.0,0.0,0.0,0.0,0.0,0.0,0.0
28989,0.0,0.0,0.0,0.0,0.0,0.0,0.0,0.0
28978,0.0,0.0,0.0,0.0,0.0,0.0,0.0,0.0
28922,0.0,0.0,0.0,0.0,0.0,0.0,0.0,0.0
28945,0.0,0.0,0.0,0.0,0.0,0.0,0.0,0.0
28951,0.0,0.0,0.0,0.0,0.0,0.0,0.0,0.0
28980,0.0,0.0,0.0,0.0,0.0,0.0,0.0,0.0
28999,0.0,0.0,0.0,0.0,0.0,0.0,0.0,0.0
29038,0.0,0.0,0.0,0.0,0.0,0.0,0.0,0.0
29093,0.0,0.0,0.0,0.0,0.0,0.0,0.0,0.0
29119,0.0,0.0,0.0,0.0,0.0,0.0,0.0,0.0
29167,0.0,0.0,0.0,0.0,0.0,0.0,0.0,0.0
29202,0.0,0.0,0.0,0.0,0.0,0.0,0.0,0.0
29277,0.0,0.0,0.0,0.0,0.0,0.0,0.0,0.0
29310,0.0,0.0,0.0,0.0,0.0,0.0,0.0,0.0
29329,0.0,0.0,0.0,0.0,0.0,0.0,0.0,0.0
29357,0.0,0.0,0.0,0.0,0.0,0.0,0.0,0.0
29383,0.0,0.0,0.0,0.0,0.0,0.0,0.0,0.0
29389,0.0,0.0,0.0,0.0,0.0,0.0,0.0,0.0
29452,0.0,0.0,0.0,0.0,0.0,0.0,0.0,0.0
29458,0.0,0.0,0.0,0.0,0.0,0.0,0.0,0.0
29502,0.0,0.0,0.0,0.0,0.0,0.0,0.0,0.0
29502,0.0,0.0,0.0,0.0,0.0,0.0,0.0,0.0
29496,0.0,0.0,0.0,0.0,0.0,0.0,0.0,0.0
29551,0.0,0.0,0.0,0.0,0.0,0.0,0.0,0.0
29531,0.0,0.0,0.0,0.0,0.0,0.0,0.0,0.0
29499,0.0,0.0,0.0,0.0,0.0,0.0,0.0,0.0
29480,0.0,0.0,0.0,0.0,0.0,0.0,0.0,0.0
29450,0.0,0.0,0.0,0.0,0.0,0.0,0.0,0.0
29414,0.0,0.0,0.0,0.0,0.0,0.0,0.0,0.0
29333,0.0,0.0,0.0,0.0,0.0,0.0,0.0,0.0
29278,0.0,0.0,0.0,0.0,0.0,0.0,0.0,0.0
29245,0.0,0.0,0.0,0.0,0.0,0.0,0.0,0.0
29207,0.0,0.0,0.0,0.0,0.0,0.0,0.0,0.0
29170,0.0,0.0,0.0,0.0,0.0,0.0,0.0,0.0
29089,0.0,0.0,0.0,0.0,0.0,0.0,0.0,0.0
28981,0.0,0.0,0.0,0.0,0.0,0.0,0.0,0.0
28959,0.0,0.0,0.0,0.0,0.0,0.0,0.0,0.0
28930,0.0,0.0,0.0,0.0,0.0,0.0,0.0,0.0
28728,0.0,0.0,0.0,0.0,0.0,0.0,0.0,0.0
28685,0.0,0.0,0.0,0.0,0.0,0.0,0.0,0.0
28621,0.0,0.0,0.0,0.0,0.0,0.0,0.0,0.0
28478,0.0,0.0,0.0,0.0,0.0,0.0,0.0,0.0
28436,0.0,0.0,0.0,0.0,0.0,0.0,0.0,0.0
28357,0.0,0.0,0.0,0.0,0.0,0.0,0.0,0.0
28329,0.0,0.0,0.0,0.0,0.0,0.0,0.0,0.0
28290,0.0,0.0,0.0,0.0,0.0,0.0,0.0,0.0
28166,0.0,0.0,0.0,0.0,0.0,0.0,0.0,0.0
28145,0.0,0.0,0.0,0.0,0.0,0.0,0.0,0.0
27995,0.0,0.0,0.0,0.0,0.0,0.0,0.0,0.0
27929,0.0,0.0,0.0,0.0,0.0,0.0,0.0,0.0
27874,0.0,0.0,0.0,0.0,0.0,0.0,0.0,0.0
27852,0.0,0.0,0.0,0.0,0.0,0.0,0.0,0.0
27708,0.0,0.0,0.0,0.0,0.0,0.0,0.0,0.0
27687,0.0,0.0,0.0,0.0,0.0,0.0,0.0,0.0
27644,0.0,0.0,0.0,0.0,0.0,0.0,0.0,0.0
27634,0.0,0.0,0.0,0.0,0.0,0.0,0.0,0.0
27624,0.0,0.0,0.0,0.0,0.0,0.0,0.0,0.0
27619,0.0,0.0,0.0,0.0,0.0,0.0,0.0,0.0
27593,0.0,0.0,0.0,0.0,0.0,0.0,0.0,0.0
27594,0.0,0.0,0.0,0.0,0.0,0.0,0.0,0.0
27604,0.0,0.0,0.0,0.0,0.0,0.0,0.0,0.0
27591,0.0,0.0,0.0,0.0,0.0,0.0,0.0,0.0
27589,0.0,0.0,0.0,0.0,0.0,0.0,0.0,0.0
27617,0.0,0.0,0.0,0.0,0.0,0.0,0.0,0.0
27621,0.0,0.0,0.0,0.0,0.0,0.0,0.0,0.0
27599,0.0,0.0,0.0,0.0,0.0,0.0,0.0,0.0
27595,0.0,0.0,0.0,0.0,0.0,0.0,0.0,0.0
27617,0.0,0.0,0.0,0.0,0.0,0.0,0.0,0.0
27642,0.0,0.0,0.0,0.0,0.0,0.0,0.0,0.0
27649,0.0,0.0,0.0,0.0,0.0,0.0,0.0,0.0
27688,0.0,0.0,0.0,0.0,0.0,0.0,0.0,0.0
27717,0.0,0.0,0.0,0.0,0.0,0.0,0.0,0.0
27777,0.0,0.0,0.0,0.0,0.0,0.0,0.0,0.0
27798,0.0,0.0,0.0,0.0,0.0,0.0,0.0,0.0
27826,0.0,0.0,0.0,0.0,0.0,0.0,0.0,0.0
27857,0.0,0.0,0.0,0.0,0.0,0.0,0.0,0.0
27916,0.0,0.0,0.0,0.0,0.0,0.0,0.0,0.0
27986,0.0,0.0,0.0,0.0,0.0,0.0,0.0,0.0
27996,0.0,0.0,0.0,0.0,0.0,0.0,0.0,0.0
28108,0.0,0.0,0.0,0.0,0.0,0.0,0.0,0.0
28169,0.0,0.0,0.0,0.0,0.0,0.0,0.0,0.0
28204,0.0,0.0,0.0,0.0,0.0,0.0,0.0,0.0
28297,0.0,0.0,0.0,0.0,0.0,0.0,0.0,0.0
28392,0.0,0.0,0.0,0.0,0.0,0.0,0.0,0.0
28456,0.0,0.0,0.0,0.0,0.0,0.0,0.0,0.0
28519,0.0,0.0,0.0,0.0,0.0,0.0,0.0,0.0
28568,0.0,0.0,0.0,0.0,0.0,0.0,0.0,0.0
28625,0.0,0.0,0.0,0.0,0.0,0.0,0.0,0.0
28744,0.0,0.0,0.0,0.0,0.0,0.0,0.0,0.0
28790,0.0,0.0,0.0,0.0,0.0,0.0,0.0,0.0
28832,0.0,0.0,0.0,0.0,0.0,0.0,0.0,0.0
29040,0.0,0.0,0.0,0.0,0.0,0.0,0.0,0.0
29090,0.0,0.0,0.0,0.0,0.0,0.0,0.0,0.0
29166,0.0,0.0,0.0,0.0,0.0,0.0,0.0,0.0
29229,0.0,0.0,0.0,0.0,0.0,0.0,0.0,0.0
29339,0.0,0.0,0.0,0.0,0.0,0.0,0.0,0.0
29404,0.0,0.0,0.0,0.0,0.0,0.0,0.0,0.0
29510,0.0,0.0,0.0,0.0,0.0,0.0,0.0,0.0
29567,0.0,0.0,0.0,0.0,0.0,0.0,0.0,0.0
29640,0.0,0.0,0.0,0.0,0.0,0.0,0.0,0.0
29821,0.0,0.0,0.0,0.0,0.0,0.0,0.0,0.0
29917,0.0,0.0,0.0,0.0,0.0,0.0,0.0,0.0
29983,0.0,0.0,0.0,0.0,0.0,0.0,0.0,0.0
30052,0.0,0.0,0.0,0.0,0.0,0.0,0.0,0.0
30133,0.0,0.0,0.0,0.0,0.0,0.0,0.0,0.0
30280,0.0,0.0,0.0,0.0,0.0,0.0,0.0,0.0
30365,0.0,0.0,0.0,0.0,0.0,0.0,0.0,0.0
30540,0.0,0.0,0.0,0.0,0.0,0.0,0.0,0.0
30728,0.0,0.0,0.0,0.0,0.0,0.0,0.0,0.0
30840,0.0,0.0,0.0,0.0,0.0,0.0,0.0,0.0
31014,0.0,0.0,0.0,0.0,0.0,0.0,0.0,0.0
31239,0.0,0.0,0.0,0.0,0.0,0.0,0.0,0.0
31382,0.0,0.0,0.0,0.0,0.0,0.0,0.0,0.0
31634,0.0,0.0,0.0,0.0,0.0,0.0,0.0,0.0
31782,0.0,0.0,0.0,0.0,0.0,0.0,0.0,0.0
31992,0.0,0.0,0.0,0.0,0.0,0.0,0.0,0.0
32152,0.0,0.0,0.0,0.0,0.0,0.0,0.0,0.0
32440,0.0,0.0,0.0,0.0,0.0,0.0,0.0,0.0
32602,0.0,0.0,0.0,0.0,0.0,0.0,0.0,0.0
32757,0.0,0.0,0.0,0.0,0.0,0.0,0.0,0.0
33176,0.0,0.0,0.0,0.0,0.0,0.0,0.0,0.0
33349,0.0,0.0,0.0,0.0,0.0,0.0,0.0,0.0
33656,0.0,0.0,0.0,0.0,0.0,0.0,0.0,0.0
33832,0.0,0.0,0.0,0.0,0.0,0.0,0.0,0.0
34004,0.0,0.0,0.0,0.0,0.0,0.0,0.0,0.0
34655,0.0,0.0,0.0,0.0,0.0,0.0,0.0,0.0
34838,0.0,0.0,0.0,0.0,0.0,0.0,0.0,0.0
35030,0.0,0.0,0.0,0.0,0.0,0.0,0.0,0.0
35742,0.0,0.0,0.0,0.0,0.0,0.0,0.0,0.0
35953,0.0,0.0,0.0,0.0,0.0,0.0,0.0,0.0
36160,0.0,0.0,0.0,0.0,0.0,0.0,0.0,0.0
36781,0.0,0.0,0.0,0.0,0.0,0.0,0.0,0.0
37058,0.0,0.0,0.0,0.0,0.0,0.0,0.0,0.0
37433,0.0,0.0,0.0,0.0,0.0,0.0,0.0,0.0
37634,0.0,0.0,0.0,0.0,0.0,0.0,0.0,0.0
37843,0.0,0.0,0.0,0.0,0.0,0.0,0.0,0.0
38199,0.0,0.0,0.0,0.0,0.0,0.0,0.0,0.0
38408,0.0,0.0,0.0,0.0,0.0,0.0,0.0,0.0
38882,0.0,0.0,0.0,0.0,0.0,0.0,0.0,0.0
39103,0.0,0.0,0.0,0.0,0.0,0.0,0.0,0.0
39959,0.0,0.0,0.0,0.0,0.0,0.0,0.0,0.0
40157,0.0,0.0,0.0,0.0,0.0,0.0,0.0,0.0
40929,0.0,0.0,0.0,0.0,0.0,0.0,0.0,0.0
41152,0.0,0.0,0.0,0.0,0.0,0.0,0.0,0.0
41574,0.0,0.0,0.0,0.0,0.0,0.0,0.0,0.0
42016,0.0,0.0,0.0,0.0,0.0,0.0,0.0,0.0
42206,0.0,0.0,0.0,0.0,0.0,0.0,0.0,0.0
42688,0.0,0.0,0.0,0.0,0.0,0.0,0.0,0.0
42879,0.0,0.0,0.0,0.0,0.0,0.0,0.0,0.0
43025,0.0,0.0,0.0,0.0,0.0,0.0,0.0,0.0
43287,0.0,0.0,0.0,0.0,0.0,0.0,0.0,0.0
43410,0.0,0.0,0.0,0.0,0.0,0.0,0.0,0.0
44029,0.0,0.0,0.0,0.0,0.0,0.0,0.0,0.0
44143,0.0,0.0,0.0,0.0,0.0,0.0,0.0,0.0
44331,0.0,0.0,0.0,0.0,0.0,0.0,0.0,0.0
44435,0.0,0.0,0.0,0.0,0.0,0.0,0.0,0.0
44534,0.0,0.0,0.0,0.0,0.0,0.0,0.0,0.0
44803,0.0,0.0,0.0,0.0,0.0,0.0,0.0,0.0
44935,0.0,0.0,0.0,0.0,0.0,0.0,0.0,0.0
45007,0.0,0.0,0.0,0.0,0.0,0.0,0.0,0.0
45444,0.0,0.0,0.0,0.0,0.0,0.0,0.0,0.0
45501,0.0,0.0,0.0,0.0,0.0,0.0,0.0,0.0
45542,0.0,0.0,0.0,0.0,0.0,0.0,0.0,0.0
45726,0.0,0.0,0.0,0.0,0.0,0.0,0.0,0.0
45946,0.0,0.0,0.0,0.0,0.0,0.0,0.0,0.0
46018,0.0,0.0,0.0,0.0,0.0,0.0,0.0,0.0
46053,0.0,0.0,0.0,0.0,0.0,0.0,0.0,0.0
46309,0.0,0.0,0.0,0.0,0.0,0.0,0.0,0.0
46337,0.0,0.0,0.0,0.0,0.0,0.0,0.0,0.0
46433,0.0,0.0,0.0,0.0,0.0,0.0,0.0,0.0
46447,0.0,0.0,0.0,0.0,0.0,0.0,0.0,0.0
46663,0.0,0.0,0.0,0.0,0.0,0.0,0.0,0.0
46673,0.0,0.0,0.0,0.0,0.0,0.0,0.0,0.0
46676,0.0,0.0,0.0,0.0,0.0,0.0,0.0,0.0
46700,0.0,0.0,0.0,0.0,0.0,0.0,0.0,0.0
46763,0.0,0.0,0.0,0.0,0.0,0.0,0.0,0.0
46759,0.0,0.0,0.0,0.0,0.0,0.0,0.0,0.0
46800,0.0,0.0,0.0,0.0,0.0,0.0,0.0,0.0
46780,0.0,0.0,0.0,0.0,0.0,0.0,0.0,0.0
46777,0.0,0.0,0.0,0.0,0.0,0.0,0.0,0.0
46753,0.0,0.0,0.0,0.0,0.0,0.0,0.0,0.0
46721,0.0,0.0,0.0,0.0,0.0,0.0,0.0,0.0
46699,0.0,0.0,0.0,0.0,0.0,0.0,0.0,0.0
46670,0.0,0.0,0.0,0.0,0.0,0.0,0.0,0.0
46629,0.0,0.0,0.0,0.0,0.0,0.0,0.0,0.0
46600,0.0,0.0,0.0,0.0,0.0,0.0,0.0,0.0
46572,0.0,0.0,0.0,0.0,0.0,0.0,0.0,0.0
46499,0.0,0.0,0.0,0.0,0.0,0.0,0.0,0.0
46433,0.0,0.0,0.0,0.0,0.0,0.0,0.0,0.0
46403,0.0,0.0,0.0,0.0,0.0,0.0,0.0,0.0
46376,0.0,0.0,0.0,0.0,0.0,0.0,0.0,0.0
46287,0.0,0.0,0.0,0.0,0.0,0.0,0.0,0.0
46269,0.0,0.0,0.0,0.0,0.0,0.0,0.0,0.0
46262,0.0,0.0,0.0,0.0,0.0,0.0,0.0,0.0
46228,0.0,0.0,0.0,0.0,0.0,0.0,0.0,0.0
46203,0.0,0.0,0.0,0.0,0.0,0.0,0.0,0.0
46199,0.0,0.0,0.0,0.0,0.0,0.0,0.0,0.0
46163,0.0,0.0,0.0,0.0,0.0,0.0,0.0,0.0
46155,0.0,0.0,0.0,0.0,0.0,0.0,0.0,0.0
46163,0.0,0.0,0.0,0.0,0.0,0.0,0.0,0.0
46184,0.0,0.0,0.0,0.0,0.0,0.0,0.0,0.0
46203,0.0,0.0,0.0,0.0,0.0,0.0,0.0,0.0
46229,0.0,0.0,0.0,0.0,0.0,0.0,0.0,0.0
46276,0.0,0.0,0.0,0.0,0.0,0.0,0.0,0.0
46309,0.0,0.0,0.0,0.0,0.0,0.0,0.0,0.0
46355,0.0,0.0,0.0,0.0,0.0,0.0,0.0,0.0
46403,0.0,0.0,0.0,0.0,0.0,0.0,0.0,0.0
46463,0.0,0.0,0.0,0.0,0.0,0.0,0.0,0.0
46574,0.0,0.0,0.0,0.0,0.0,0.0,0.0,0.0
46640,0.0,0.0,0.0,0.0,0.0,0.0,0.0,0.0
46723,0.0,0.0,0.0,0.0,0.0,0.0,0.0,0.0
46825,0.0,0.0,0.0,0.0,0.0,0.0,0.0,0.0
46921,0.0,0.0,0.0,0.0,0.0,0.0,0.0,0.0
47073,0.0,0.0,0.0,0.0,0.0,0.0,0.0,0.0
47188,0.0,0.0,0.0,0.0,0.0,0.0,0.0,0.0
47315,0.0,0.0,0.0,0.0,0.0,0.0,0.0,0.0
47449,0.0,0.0,0.0,0.0,0.0,0.0,0.0,0.0
47798,0.0,0.0,0.0,0.0,0.0,0.0,0.0,0.0
47965,0.0,0.0,0.0,0.0,0.0,0.0,0.0,0.0
48132,0.0,0.0,0.0,0.0,0.0,0.0,0.0,0.0
48614,0.0,0.0,0.0,0.0,0.0,0.0,0.0,0.0
48816,0.0,0.0,0.0,0.0,0.0,0.0,0.0,0.0
49300,0.0,0.0,0.0,0.0,0.0,0.0,0.0,0.0
49516,0.0,0.0,0.0,0.0,0.0,0.0,0.0,0.0
49727,0.0,0.0,0.0,0.0,0.0,0.0,0.0,0.0
50066,0.0,0.0,0.0,0.0,0.0,0.0,0.0,0.0
50288,0.0,0.0,0.0,0.0,0.0,0.0,0.0,0.0
50508,0.0,0.0,0.0,0.0,0.0,0.0,0.0,0.0
50861,0.0,0.0,0.0,0.0,0.0,0.0,0.0,0.0
51100,0.0,0.0,0.0,0.0,0.0,0.0,0.0,0.0
51523,0.0,0.0,0.0,0.0,0.0,0.0,0.0,0.0
51781,0.0,0.0,0.0,0.0,0.0,0.0,0.0,0.0
52109,0.0,0.0,0.0,0.0,0.0,0.0,0.0,0.0
52377,0.0,0.0,0.0,0.0,0.0,0.0,0.0,0.0
52637,0.0,0.0,0.0,0.0,0.0,0.0,0.0,0.0
52942,0.0,0.0,0.0,0.0,0.0,0.0,0.0,0.0
53624,0.0,0.0,0.0,0.0,0.0,0.0,0.0,0.0
53898,0.0,0.0,0.0,0.0,0.0,0.0,0.0,0.0
54682,0.0,0.0,0.0,0.0,0.0,0.0,0.0,0.0
54984,0.0,0.0,0.0,0.0,0.0,0.0,0.0,0.0
55270,0.0,0.0,0.0,0.0,0.0,0.0,0.0,0.0
55873,0.0,0.0,0.0,0.0,0.0,0.0,0.0,0.0
56146,0.0,0.0,0.0,0.0,0.0,0.0,0.0,0.0
56406,0.0,0.0,0.0,0.0,0.0,0.0,0.0,0.0
56765,0.0,0.0,0.0,0.0,0.0,0.0,0.0,0.0
57102,0.0,0.0,0.0,0.0,0.0,0.0,0.0,0.0
57434,0.0,0.0,0.0,0.0,0.0,0.0,0.0,0.0
57761,0.0,0.0,0.0,0.0,0.0,0.0,0.0,0.0
58052,0.0,0.0,0.0,0.0,0.0,0.0,0.0,0.0
58362,0.0,0.0,0.0,0.0,0.0,0.0,0.0,0.0
58611,0.0,0.0,0.0,0.0,0.0,0.0,0.0,0.0
58840,0.0,0.0,0.0,0.0,0.0,0.0,0.0,0.0
59196,0.0,0.0,0.0,0.0,0.0,0.0,0.0,0.0
59504,0.0,0.0,0.0,0.0,0.0,0.0,0.0,0.0
60040,0.0,0.0,0.0,0.0,0.0,0.0,0.0,0.0
60279,0.0,0.0,0.0,0.0,0.0,0.0,0.0,0.0
60476,0.0,0.0,0.0,0.0,0.0,0.0,0.0,0.0
60689,0.0,0.0,0.0,0.0,0.0,0.0,0.0,0.0
60869,0.0,0.0,0.0,0.0,0.0,0.0,0.0,0.0
61382,0.0,0.0,0.0,0.0,0.0,0.0,0.0,0.0
61595,0.0,0.0,0.0,0.0,0.0,0.0,0.0,0.0
61783,0.0,0.0,0.0,0.0,0.0,0.0,0.0,0.0
62186,0.0,0.0,0.0,0.0,0.0,0.0,0.0,0.0
62475,0.0,0.0,0.0,0.0,0.0,0.0,0.0,0.0
62649,0.0,0.0,0.0,0.0,0.0,0.0,0.0,0.0
62873,0.0,0.0,0.0,0.0,0.0,0.0,0.0,0.0
63043,0.0,0.0,0.0,0.0,0.0,0.0,0.0,0.0
63370,0.0,0.0,0.0,0.0,0.0,0.0,0.0,0.0
63498,0.0,0.0,0.0,0.0,0.0,0.0,0.0,0.0
63668,0.0,0.0,0.0,0.0,0.0,0.0,0.0,0.0
63898,0.0,0.0,0.0,0.0,0.0,0.0,0.0,0.0
63992,0.0,0.0,0.0,0.0,0.0,0.0,0.0,0.0
64160,0.0,0.0,0.0,0.0,0.0,0.0,0.0,0.0
64459,0.0,0.0,0.0,0.0,0.0,0.0,0.0,0.0
64536,0.0,0.0,0.0,0.0,0.0,0.0,0.0,0.0
64865,0.0,0.0,0.0,0.0,0.0,0.0,0.0,0.0
65097,0.0,0.0,0.0,0.0,0.0,0.0,0.0,0.0
65152,0.0,0.0,0.0,0.0,0.0,0.0,0.0,0.0
65185,0.0,0.0,0.0,0.0,0.0,0.0,0.0,0.0
65254,0.0,0.0,0.0,0.0,0.0,0.0,0.0,0.0
65284,0.0,0.0,0.0,0.0,0.0,0.0,0.0,0.0
65311,0.0,0.0,0.0,0.0,0.0,0.0,0.0,0.0
65426,0.0,0.0,0.0,0.0,0.0,0.0,0.0,0.0
65418,0.0,0.0,0.0,0.0,0.0,0.0,0.0,0.0
65431,0.0,0.0,0.0,0.0,0.0,0.0,0.0,0.0
65435,0.0,0.0,0.0,0.0,0.0,0.0,0.0,0.0
65437,0.0,0.0,0.0,0.0,0.0,0.0,0.0,0.0
65450,0.0,0.0,0.0,0.0,0.0,0.0,0.0,0.0
65452,0.0,0.0,0.0,0.0,0.0,0.0,0.0,0.0
65446,0.0,0.0,0.0,0.0,0.0,0.0,0.0,0.0
65435,0.0,0.0,0.0,0.0,0.0,0.0,0.0,0.0
65420,0.0,0.0,0.0,0.0,0.0,0.0,0.0,0.0
65403,0.0,0.0,0.0,0.0,0.0,0.0,0.0,0.0
65333,0.0,0.0,0.0,0.0,0.0,0.0,0.0,0.0
65318,0.0,0.0,0.0,0.0,0.0,0.0,0.0,0.0
65310,0.0,0.0,0.0,0.0,0.0,0.0,0.0,0.0
65280,0.0,0.0,0.0,0.0,0.0,0.0,0.0,0.0
65270,0.0,0.0,0.0,0.0,0.0,0.0,0.0,0.0
65202,0.0,0.0,0.0,0.0,0.0,0.0,0.0,0.0
65156,0.0,0.0,0.0,0.0,0.0,0.0,0.0,0.0
65135,0.0,0.0,0.0,0.0,0.0,0.0,0.0,0.0
65067,0.0,0.0,0.0,0.0,0.0,0.0,0.0,0.0
65053,0.0,0.0,0.0,0.0,0.0,0.0,0.0,0.0
65022,0.0,0.0,0.0,0.0,0.0,0.0,0.0,0.0
65022,0.0,0.0,0.0,0.0,0.0,0.0,0.0,0.0
65031,0.0,0.0,0.0,0.0,0.0,0.0,0.0,0.0
65021,0.0,0.0,0.0,0.0,0.0,0.0,0.0,0.0
65000,0.0,0.0,0.0,0.0,0.0,0.0,0.0,0.0
65002,0.0,0.0,0.0,0.0,0.0,0.0,0.0,0.0
64979,0.0,0.0,0.0,0.0,0.0,0.0,0.0,0.0
64969,0.0,0.0,0.0,0.0,0.0,0.0,0.0,0.0
64972,0.0,0.0,0.0,0.0,0.0,0.0,0.0,0.0
64974,0.0,0.0,0.0,0.0,0.0,0.0,0.0,0.0
64973,0.0,0.0,0.0,0.0,0.0,0.0,0.0,0.0
64988,0.0,0.0,0.0,0.0,0.0,0.0,0.0,0.0
65015,0.0,0.0,0.0,0.0,0.0,0.0,0.0,0.0
65034,0.0,0.0,0.0,0.0,0.0,0.0,0.0,0.0
65056,0.0,0.0,0.0,0.0,0.0,0.0,0.0,0.0
65103,0.0,0.0,0.0,0.0,0.0,0.0,0.0,0.0
65126,0.0,0.0,0.0,0.0,0.0,0.0,0.0,0.0
65221,0.0,0.0,0.0,0.0,0.0,0.0,0.0,0.0
65251,0.0,0.0,0.0,0.0,0.0,0.0,0.0,0.0
65283,0.0,0.0,0.0,0.0,0.0,0.0,0.0,0.0
65313,0.0,0.0,0.0,0.0,0.0,0.0,0.0,0.0
65384,0.0,0.0,0.0,0.0,0.0,0.0,0.0,0.0
65392,0.0,0.0,0.0,0.0,0.0,0.0,0.0,0.0
65392,0.0,0.0,0.0,0.0,0.0,0.0,0.0,0.0
65426,0.0,0.0,0.0,0.0,0.0,0.0,0.0,0.0
65438,0.0,0.0,0.0,0.0,0.0,0.0,0.0,0.0
65463,0.0,0.0,0.0,0.0,0.0,0.0,0.0,0.0
65476,0.0,0.0,0.0,0.0,0.0,0.0,0.0,0.0
65483,0.0,0.0,0.0,0.0,0.0,0.0,0.0,0.0
65556,0.0,0.0,0.0,0.0,0.0,0.0,0.0,0.0
65561,0.0,0.0,0.0,0.0,0.0,0.0,0.0,0.0
65566,0.0,0.0,0.0,0.0,0.0,0.0,0.0,0.0
65577,0.0,0.0,0.0,0.0,0.0,0.0,0.0,0.0
65590,0.0,0.0,0.0,0.0,0.0,0.0,0.0,0.0
65582,0.0,0.0,0.0,0.0,0.0,0.0,0.0,0.0
65582,0.0,0.0,0.0,0.0,0.0,0.0,0.0,0.0
65576,0.0,0.0,0.0,0.0,0.0,0.0,0.0,0.0
65568,0.0,0.0,0.0,0.0,0.0,0.0,0.0,0.0
65573,0.0,0.0,0.0,0.0,0.0,0.0,0.0,0.0
65586,0.0,0.0,0.0,0.0,0.0,0.0,0.0,0.0
65584,0.0,0.0,0.0,0.0,0.0,0.0,0.0,0.0
65578,0.0,0.0,0.0,0.0,0.0,0.0,0.0,0.0
65578,0.0,0.0,0.0,0.0,0.0,0.0,0.0,0.0
65572,0.0,0.0,0.0,0.0,0.0,0.0,0.0,0.0
65565,0.0,0.0,0.0,0.0,0.0,0.0,0.0,0.0
65546,0.0,0.0,0.0,0.0,0.0,0.0,0.0,0.0
65539,0.0,0.0,0.0,0.0,0.0,0.0,0.0,0.0
65524,0.0,0.0,0.0,0.0,0.0,0.0,0.0,0.0
65505,0.0,0.0,0.0,0.0,0.0,0.0,0.0,0.0
65480,0.0,0.0,0.0,0.0,0.0,0.0,0.0,0.0
65431,0.0,0.0,0.0,0.0,0.0,0.0,0.0,0.0
65403,0.0,0.0,0.0,0.0,0.0,0.0,0.0,0.0
65315,0.0,0.0,0.0,0.0,0.0,0.0,0.0,0.0
65273,0.0,0.0,0.0,0.0,0.0,0.0,0.0,0.0
65192,0.0,0.0,0.0,0.0,0.0,0.0,0.0,0.0
65141,0.0,0.0,0.0,0.0,0.0,0.0,0.0,0.0
65077,0.0,0.0,0.0,0.0,0.0,0.0,0.0,0.0
64993,0.0,0.0,0.0,0.0,0.0,0.0,0.0,0.0
64933,0.0,0.0,0.0,0.0,0.0,0.0,0.0,0.0
64881,0.0,0.0,0.0,0.0,0.0,0.0,0.0,0.0
64758,0.0,0.0,0.0,0.0,0.0,0.0,0.0,0.0
64685,0.0,0.0,0.0,0.0,0.0,0.0,0.0,0.0
64624,0.0,0.0,0.0,0.0,0.0,0.0,0.0,0.0
64432,0.0,0.0,0.0,0.0,0.0,0.0,0.0,0.0
64324,0.0,0.0,0.0,0.0,0.0,0.0,0.0,0.0
64262,0.0,0.0,0.0,0.0,0.0,0.0,0.0,0.0
64156,0.0,0.0,0.0,0.0,0.0,0.0,0.0,0.0
64086,0.0,0.0,0.0,0.0,0.0,0.0,0.0,0.0
63949,0.0,0.0,0.0,0.0,0.0,0.0,0.0,0.0
63842,0.0,0.0,0.0,0.0,0.0,0.0,0.0,0.0
63768,0.0,0.0,0.0,0.0,0.0,0.0,0.0,0.0
63477,0.0,0.0,0.0,0.0,0.0,0.0,0.0,0.0
63280,0.0,0.0,0.0,0.0,0.0,0.0,0.0,0.0
63175,0.0,0.0,0.0,0.0,0.0,0.0,0.0,0.0
63066,0.0,0.0,0.0,0.0,0.0,0.0,0.0,0.0
62894,0.0,0.0,0.0,0.0,0.0,0.0,0.0,0.0
62785,0.0,0.0,0.0,0.0,0.0,0.0,0.0,0.0
62592,0.0,0.0,0.0,0.0,0.0,0.0,0.0,0.0
62443,0.0,0.0,0.0,0.0,0.0,0.0,0.0,0.0
62342,0.0,0.0,0.0,0.0,0.0,0.0,0.0,0.0
62162,0.0,0.0,0.0,0.0,0.0,0.0,0.0,0.0
61851,0.0,0.0,0.0,0.0,0.0,0.0,0.0,0.0
61738,0.0,0.0,0.0,0.0,0.0,0.0,0.0,0.0
61463,0.0,0.0,0.0,0.0,0.0,0.0,0.0,0.0
61355,0.0,0.0,0.0,0.0,0.0,0.0,0.0,0.0
61276,0.0,0.0,0.0,0.0,0.0,0.0,0.0,0.0
60851,0.0,0.0,0.0,0.0,0.0,0.0,0.0,0.0
60715,0.0,0.0,0.0,0.0,0.0,0.0,0.0,0.0
60594,0.0,0.0,0.0,0.0,0.0,0.0,0.0,0.0
60459,0.0,0.0,0.0,0.0,0.0,0.0,0.0,0.0
60362,0.0,0.0,0.0,0.0,0.0,0.0,0.0,0.0
60140,0.0,0.0,0.0,0.0,0.0,0.0,0.0,0.0
59988,0.0,0.0,0.0,0.0,0.0,0.0,0.0,0.0
59777,0.0,0.0,0.0,0.0,0.0,0.0,0.0,0.0
59473,0.0,0.0,0.0,0.0,0.0,0.0,0.0,0.0
59370,0.0,0.0,0.0,0.0,0.0,0.0,0.0,0.0
58902,0.0,0.0,0.0,0.0,0.0,0.0,0.0,0.0
58790,0.0,0.0,0.0,0.0,0.0,0.0,0.0,0.0
58688,0.0,0.0,0.0,0.0,0.0,0.0,0.0,0.0
58439,0.0,0.0,0.0,0.0,0.0,0.0,0.0,0.0
58301,0.0,0.0,0.0,0.0,0.0,0.0,0.0,0.0
58174,0.0,0.0,0.0,0.0,0.0,0.0,0.0,0.0
58078,0.0,0.0,0.0,0.0,0.0,0.0,0.0,0.0
57841,0.0,0.0,0.0,0.0,0.0,0.0,0.0,0.0
57765,0.0,0.0,0.0,0.0,0.0,0.0,0.0,0.0
57653,0.0,0.0,0.0,0.0,0.0,0.0,0.0,0.0
57530,0.0,0.0,0.0,0.0,0.0,0.0,0.0,0.0
57441,0.0,0.0,0.0,0.0,0.0,0.0,0.0,0.0
57339,0.0,0.0,0.0,0.0,0.0,0.0,0.0,0.0
57071,0.0,0.0,0.0,0.0,0.0,0.0,0.0,0.0
56983,0.0,0.0,0.0,0.0,0.0,0.0,0.0,0.0
56889,0.0,0.0,0.0,0.0,0.0,0.0,0.0,0.0
56512,0.0,0.0,0.0,0.0,0.0,0.0,0.0,0.0
56398,0.0,0.0,0.0,0.0,0.0,0.0,0.0,0.0
56278,0.0,0.0,0.0,0.0,0.0,0.0,0.0,0.0
56054,0.0,0.0,0.0,0.0,0.0,0.0,0.0,0.0
55901,0.0,0.0,0.0,0.0,0.0,0.0,0.0,0.0
55649,0.0,0.0,0.0,0.0,0.0,0.0,0.0,0.0
55545,0.0,0.0,0.0,0.0,0.0,0.0,0.0,0.0
55416,0.0,0.0,0.0,0.0,0.0,0.0,0.0,0.0
55272,0.0,0.0,0.0,0.0,0.0,0.0,0.0,0.0
54776,0.0,0.0,0.0,0.0,0.0,0.0,0.0,0.0
54336,0.0,0.0,0.0,0.0,0.0,0.0,0.0,0.0
54213,0.0,0.0,0.0,0.0,0.0,0.0,0.0,0.0
53824,0.0,0.0,0.0,0.0,0.0,0.0,0.0,0.0
53616,0.0,0.0,0.0,0.0,0.0,0.0,0.0,0.0
53404,0.0,0.0,0.0,0.0,0.0,0.0,0.0,0.0
53276,0.0,0.0,0.0,0.0,0.0,0.0,0.0,0.0
53172,0.0,0.0,0.0,0.0,0.0,0.0,0.0,0.0
52622,0.0,0.0,0.0,0.0,0.0,0.0,0.0,0.0
52435,0.0,0.0,0.0,0.0,0.0,0.0,0.0,0.0
52149,0.0,0.0,0.0,0.0,0.0,0.0,0.0,0.0
51724,0.0,0.0,0.0,0.0,0.0,0.0,0.0,0.0
51601,0.0,0.0,0.0,0.0,0.0,0.0,0.0,0.0
51461,0.0,0.0,0.0,0.0,0.0,0.0,0.0,0.0
50777,0.0,0.0,0.0,0.0,0.0,0.0,0.0,0.0
50599,0.0,0.0,0.0,0.0,0.0,0.0,0.0,0.0
50183,0.0,0.0,0.0,0.0,0.0,0.0,0.0,0.0
50036,0.0,0.0,0.0,0.0,0.0,0.0,0.0,0.0
49632,0.0,0.0,0.0,0.0,0.0,0.0,0.0,0.0
49059,0.0,0.0,0.0,0.0,0.0,0.0,0.0,0.0
48817,0.0,0.0,0.0,0.0,0.0,0.0,0.0,0.0
48681,0.0,0.0,0.0,0.0,0.0,0.0,0.0,0.0
48519,0.0,0.0,0.0,0.0,0.0,0.0,0.0,0.0
47853,0.0,0.0,0.0,0.0,0.0,0.0,0.0,0.0
47668,0.0,0.0,0.0,0.0,0.0,0.0,0.0,0.0
47504,0.0,0.0,0.0,0.0,0.0,0.0,0.0,0.0
47244,0.0,0.0,0.0,0.0,0.0,0.0,0.0,0.0
47117,0.0,0.0,0.0,0.0,0.0,0.0,0.0,0.0
46976,0.0,0.0,0.0,0.0,0.0,0.0,0.0,0.0
46743,0.0,0.0,0.0,0.0,0.0,0.0,0.0,0.0
46262,0.0,0.0,0.0,0.0,0.0,0.0,0.0,0.0
45989,0.0,0.0,0.0,0.0,0.0,0.0,0.0,0.0
45687,0.0,0.0,0.0,0.0,0.0,0.0,0.0,0.0
45569,0.0,0.0,0.0,0.0,0.0,0.0,0.0,0.0
45076,0.0,0.0,0.0,0.0,0.0,0.0,0.0,0.0
44981,0.0,0.0,0.0,0.0,0.0,0.0,0.0,0.0
44566,0.0,0.0,0.0,0.0,0.0,0.0,0.0,0.0
44456,0.0,0.0,0.0,0.0,0.0,0.0,0.0,0.0
44362,0.0,0.0,0.0,0.0,0.0,0.0,0.0,0.0
44007,0.0,0.0,0.0,0.0,0.0,0.0,0.0,0.0
43625,0.0,0.0,0.0,0.0,0.0,0.0,0.0,0.0
43438,0.0,0.0,0.0,0.0,0.0,0.0,0.0,0.0
43343,0.0,0.0,0.0,0.0,0.0,0.0,0.0,0.0
43243,0.0,0.0,0.0,0.0,0.0,0.0,0.0,0.0
42952,0.0,0.0,0.0,0.0,0.0,0.0,0.0,0.0
42756,0.0,0.0,0.0,0.0,0.0,0.0,0.0,0.0
42689,0.0,0.0,0.0,0.0,0.0,0.0,0.0,0.0
42417,0.0,0.0,0.0,0.0,0.0,0.0,0.0,0.0
42334,0.0,0.0,0.0,0.0,0.0,0.0,0.0,0.0
41995,0.0,0.0,0.0,0.0,0.0,0.0,0.0,0.0
41944,0.0,0.0,0.0,0.0,0.0,0.0,0.0,0.0
41896,0.0,0.0,0.0,0.0,0.0,0.0,0.0,0.0
41680,0.0,0.0,0.0,0.0,0.0,0.0,0.0,0.0
41460,0.0,0.0,0.0,0.0,0.0,0.0,0.0,0.0
41412,0.0,0.0,0.0,0.0,0.0,0.0,0.0,0.0
41117,0.0,0.0,0.0,0.0,0.0,0.0,0.0,0.0
40987,0.0,0.0,0.0,0.0,0.0,0.0,0.0,0.0
40902,0.0,0.0,0.0,0.0,0.0,0.0,0.0,0.0
40687,0.0,0.0,0.0,0.0,0.0,0.0,0.0,0.0
40646,0.0,0.0,0.0,0.0,0.0,0.0,0.0,0.0
40352,0.0,0.0,0.0,0.0,0.0,0.0,0.0,0.0
40314,0.0,0.0,0.0,0.0,0.0,0.0,0.0,0.0
40218,0.0,0.0,0.0,0.0,0.0,0.0,0.0,0.0
39981,0.0,0.0,0.0,0.0,0.0,0.0,0.0,0.0
39937,0.0,0.0,0.0,0.0,0.0,0.0,0.0,0.0
39893,0.0,0.0,0.0,0.0,0.0,0.0,0.0,0.0
39655,0.0,0.0,0.0,0.0,0.0,0.0,0.0,0.0
39622,0.0,0.0,0.0,0.0,0.0,0.0,0.0,0.0
39473,0.0,0.0,0.0,0.0,0.0,0.0,0.0,0.0
39369,0.0,0.0,0.0,0.0,0.0,0.0,0.0,0.0
39332,0.0,0.0,0.0,0.0,0.0,0.0,0.0,0.0
39260,0.0,0.0,0.0,0.0,0.0,0.0,0.0,0.0
39099,0.0,0.0,0.0,0.0,0.0,0.0,0.0,0.0
39033,0.0,0.0,0.0,0.0,0.0,0.0,0.0,0.0
38985,0.0,0.0,0.0,0.0,0.0,0.0,0.0,0.0
38943,0.0,0.0,0.0,0.0,0.0,0.0,0.0,0.0
38756,0.0,0.0,0.0,0.0,0.0,0.0,0.0,0.0
38727,0.0,0.0,0.0,0.0,0.0,0.0,0.0,0.0
38616,0.0,0.0,0.0,0.0,0.0,0.0,0.0,0.0
38592,0.0,0.0,0.0,0.0,0.0,0.0,0.0,0.0
38478,0.0,0.0,0.0,0.0,0.0,0.0,0.0,0.0
38299,0.0,0.0,0.0,0.0,0.0,0.0,0.0,0.0
38204,0.0,0.0,0.0,0.0,0.0,0.0,0.0,0.0
38082,0.0,0.0,0.0,0.0,0.0,0.0,0.0,0.0
38047,0.0,0.0,0.0,0.0,0.0,0.0,0.0,0.0
37993,0.0,0.0,0.0,0.0,0.0,0.0,0.0,0.0
37898,0.0,0.0,0.0,0.0,0.0,0.0,0.0,0.0
37846,0.0,0.0,0.0,0.0,0.0,0.0,0.0,0.0
37753,0.0,0.0,0.0,0.0,0.0,0.0,0.0,0.0
37520,0.0,0.0,0.0,0.0,0.0,0.0,0.0,0.0
37395,0.0,0.0,0.0,0.0,0.0,0.0,0.0,0.0
37343,0.0,0.0,0.0,0.0,0.0,0.0,0.0,0.0
37268,0.0,0.0,0.0,0.0,0.0,0.0,0.0,0.0
37046,0.0,0.0,0.0,0.0,0.0,0.0,0.0,0.0
36892,0.0,0.0,0.0,0.0,0.0,0.0,0.0,0.0
36841,0.0,0.0,0.0,0.0,0.0,0.0,0.0,0.0
36697,0.0,0.0,0.0,0.0,0.0,0.0,0.0,0.0
36611,0.0,0.0,0.0,0.0,0.0,0.0,0.0,0.0
36559,0.0,0.0,0.0,0.0,0.0,0.0,0.0,0.0
36420,0.0,0.0,0.0,0.0,0.0,0.0,0.0,0.0
36264,0.0,0.0,0.0,0.0,0.0,0.0,0.0,0.0
36126,0.0,0.0,0.0,0.0,0.0,0.0,0.0,0.0
36038,0.0,0.0,0.0,0.0,0.0,0.0,0.0,0.0
35724,0.0,0.0,0.0,0.0,0.0,0.0,0.0,0.0
35672,0.0,0.0,0.0,0.0,0.0,0.0,0.0,0.0
35569,0.0,0.0,0.0,0.0,0.0,0.0,0.0,0.0
35433,0.0,0.0,0.0,0.0,0.0,0.0,0.0,0.0
35247,0.0,0.0,0.0,0.0,0.0,0.0,0.0,0.0
35100,0.0,0.0,0.0,0.0,0.0,0.0,0.0,0.0
35046,0.0,0.0,0.0,0.0,0.0,0.0,0.0,0.0
34776,0.0,0.0,0.0,0.0,0.0,0.0,0.0,0.0
34696,0.0,0.0,0.0,0.0,0.0,0.0,0.0,0.0
34580,0.0,0.0,0.0,0.0,0.0,0.0,0.0,0.0
34289,0.0,0.0,0.0,0.0,0.0,0.0,0.0,0.0
34228,0.0,0.0,0.0,0.0,0.0,0.0,0.0,0.0
34043,0.0,0.0,0.0,0.0,0.0,0.0,0.0,0.0
34002,0.0,0.0,0.0,0.0,0.0,0.0,0.0,0.0
33924,0.0,0.0,0.0,0.0,0.0,0.0,0.0,0.0
33718,0.0,0.0,0.0,0.0,0.0,0.0,0.0,0.0
33658,0.0,0.0,0.0,0.0,0.0,0.0,0.0,0.0
33518,0.0,0.0,0.0,0.0,0.0,0.0,0.0,0.0
33439,0.0,0.0,0.0,0.0,0.0,0.0,0.0,0.0
33270,0.0,0.0,0.0,0.0,0.0,0.0,0.0,0.0
33241,0.0,0.0,0.0,0.0,0.0,0.0,0.0,0.0
33210,0.0,0.0,0.0,0.0,0.0,0.0,0.0,0.0
33082,0.0,0.0,0.0,0.0,0.0,0.0,0.0,0.0
32985,0.0,0.0,0.0,0.0,0.0,0.0,0.0,0.0
32904,0.0,0.0,0.0,0.0,0.0,0.0,0.0,0.0
32764,0.0,0.0,0.0,0.0,0.0,0.0,0.0,0.0
32747,0.0,0.0,0.0,0.0,0.0,0.0,0.0,0.0
32640,0.0,0.0,0.0,0.0,0.0,0.0,0.0,0.0
32570,0.0,0.0,0.0,0.0,0.0,0.0,0.0,0.0
32447,0.0,0.0,0.0,0.0,0.0,0.0,0.0,0.0
32358,0.0,0.0,0.0,0.0,0.0,0.0,0.0,0.0
32332,0.0,0.0,0.0,0.0,0.0,0.0,0.0,0.0
32283,0.0,0.0,0.0,0.0,0.0,0.0,0.0,0.0
32162,0.0,0.0,0.0,0.0,0.0,0.0,0.0,0.0
32148,0.0,0.0,0.0,0.0,0.0,0.0,0.0,0.0
32086,0.0,0.0,0.0,0.0,0.0,0.0,0.0,0.0
32056,0.0,0.0,0.0,0.0,0.0,0.0,0.0,0.0
32006,0.0,0.0,0.0,0.0,0.0,0.0,0.0,0.0
31946,0.0,0.0,0.0,0.0,0.0,0.0,0.0,0.0
31927,0.0,0.0,0.0,0.0,0.0,0.0,0.0,0.0
31885,0.0,0.0,0.0,0.0,0.0,0.0,0.0,0.0
31809,0.0,0.0,0.0,0.0,0.0,0.0,0.0,0.0
31749,0.0,0.0,0.0,0.0,0.0,0.0,0.0,0.0
31748,0.0,0.0,0.0,0.0,0.0,0.0,0.0,0.0
31667,0.0,0.0,0.0,0.0,0.0,0.0,0.0,0.0
31604,0.0,0.0,0.0,0.0,0.0,0.0,0.0,0.0
31586,0.0,0.0,0.0,0.0,0.0,0.0,0.0,0.0
31492,0.0,0.0,0.0,0.0,0.0,0.0,0.0,0.0
31472,0.0,0.0,0.0,0.0,0.0,0.0,0.0,0.0
31321,0.0,0.0,0.0,0.0,0.0,0.0,0.0,0.0
31297,0.0,0.0,0.0,0.0,0.0,0.0,0.0,0.0
31230,0.0,0.0,0.0,0.0,0.0,0.0,0.0,0.0
31180,0.0,0.0,0.0,0.0,0.0,0.0,0.0,0.0
31075,0.0,0.0,0.0,0.0,0.0,0.0,0.0,0.0
31054,0.0,0.0,0.0,0.0,0.0,0.0,0.0,0.0
31028,0.0,0.0,0.0,0.0,0.0,0.0,0.0,0.0
31020,0.0,0.0,0.0,0.0,0.0,0.0,0.0,0.0
30957,0.0,0.0,0.0,0.0,0.0,0.0,0.0,0.0
30894,0.0,0.0,0.0,0.0,0.0,0.0,0.0,0.0
30890,0.0,0.0,0.0,0.0,0.0,0.0,0.0,0.0
30772,0.0,0.0,0.0,0.0,0.0,0.0,0.0,0.0
30738,0.0,0.0,0.0,0.0,0.0,0.0,0.0,0.0
30700,0.0,0.0,0.0,0.0,0.0,0.0,0.0,0.0
30700,0.0,0.0,0.0,0.0,0.0,0.0,0.0,0.0
30652,0.0,0.0,0.0,0.0,0.0,0.0,0.0,0.0
30644,0.0,0.0,0.0,0.0,0.0,0.0,0.0,0.0
30622,0.0,0.0,0.0,0.0,0.0,0.0,0.0,0.0
30572,0.0,0.0,0.0,0.0,0.0,0.0,0.0,0.0
30549,0.0,0.0,0.0,0.0,0.0,0.0,0.0,0.0
30532,0.0,0.0,0.0,0.0,0.0,0.0,0.0,0.0
30508,0.0,0.0,0.0,0.0,0.0,0.0,0.0,0.0
30481,0.0,0.0,0.0,0.0,0.0,0.0,0.0,0.0
30460,0.0,0.0,0.0,0.0,0.0,0.0,0.0,0.0
30470,0.0,0.0,0.0,0.0,0.0,0.0,0.0,0.0
30434,0.0,0.0,0.0,0.0,0.0,0.0,0.0,0.0
30423,0.0,0.0,0.0,0.0,0.0,0.0,0.0,0.0
30412,0.0,0.0,0.0,0.0,0.0,0.0,0.0,0.0
30411,0.0,0.0,0.0,0.0,0.0,0.0,0.0,0.0
30408,0.0,0.0,0.0,0.0,0.0,0.0,0.0,0.0
30395,0.0,0.0,0.0,0.0,0.0,0.0,0.0,0.0
30382,0.0,0.0,0.0,0.0,0.0,0.0,0.0,0.0
30370,0.0,0.0,0.0,0.0,0.0,0.0,0.0,0.0
30344,0.0,0.0,0.0,0.0,0.0,0.0,0.0,0.0
30328,0.0,0.0,0.0,0.0,0.0,0.0,0.0,0.0
30315,0.0,0.0,0.0,0.0,0.0,0.0,0.0,0.0
30311,0.0,0.0,0.0,0.0,0.0,0.0,0.0,0.0
30293,0.0,0.0,0.0,0.0,0.0,0.0,0.0,0.0
30289,0.0,0.0,0.0,0.0,0.0,0.0,0.0,0.0
30267,0.0,0.0,0.0,0.0,0.0,0.0,0.0,0.0
30249,0.0,0.0,0.0,0.0,0.0,0.0,0.0,0.0
30208,0.0,0.0,0.0,0.0,0.0,0.0,0.0,0.0
30215,0.0,0.0,0.0,0.0,0.0,0.0,0.0,0.0
30169,0.0,0.0,0.0,0.0,0.0,0.0,0.0,0.0
30163,0.0,0.0,0.0,0.0,0.0,0.0,0.0,0.0
30137,0.0,0.0,0.0,0.0,0.0,0.0,0.0,0.0
30123,0.0,0.0,0.0,0.0,0.0,0.0,0.0,0.0
30076,0.0,0.0,0.0,0.0,0.0,0.0,0.0,0.0
30066,0.0,0.0,0.0,0.0,0.0,0.0,0.0,0.0
30047,0.0,0.0,0.0,0.0,0.0,0.0,0.0,0.0
30008,0.0,0.0,0.0,0.0,0.0,0.0,0.0,0.0
29988,0.0,0.0,0.0,0.0,0.0,0.0,0.0,0.0
29973,0.0,0.0,0.0,0.0,0.0,0.0,0.0,0.0
29930,0.0,0.0,0.0,0.0,0.0,0.0,0.0,0.0
29920,0.0,0.0,0.0,0.0,0.0,0.0,0.0,0.0
29886,0.0,0.0,0.0,0.0,0.0,0.0,0.0,0.0
29854,0.0,0.0,0.0,0.0,0.0,0.0,0.0,0.0
29859,0.0,0.0,0.0,0.0,0.0,0.0,0.0,0.0
29808,0.0,0.0,0.0,0.0,0.0,0.0,0.0,0.0
29801,0.0,0.0,0.0,0.0,0.0,0.0,0.0,0.0
29766,0.0,0.0,0.0,0.0,0.0,0.0,0.0,0.0
29760,0.0,0.0,0.0,0.0,0.0,0.0,0.0,0.0
29716,0.0,0.0,0.0,0.0,0.0,0.0,0.0,0.0
29716,0.0,0.0,0.0,0.0,0.0,0.0,0.0,0.0
29681,0.0,0.0,0.0,0.0,0.0,0.0,0.0,0.0
29672,0.0,0.0,0.0,0.0,0.0,0.0,0.0,0.0
29650,0.0,0.0,0.0,0.0,0.0,0.0,0.0,0.0
29647,0.0,0.0,0.0,0.0,0.0,0.0,0.0,0.0
29632,0.0,0.0,0.0,0.0,0.0,0.0,0.0,0.0
29611,0.0,0.0,0.0,0.0,0.0,0.0,0.0,0.0
29593,0.0,0.0,0.0,0.0,0.0,0.0,0.0,0.0
29590,0.0,0.0,0.0,0.0,0.0,0.0,0.0,0.0
29588,0.0,0.0,0.0,0.0,0.0,0.0,0.0,0.0
29587,0.0,0.0,0.0,0.0,0.0,0.0,0.0,0.0
29597,0.0,0.0,0.0,0.0,0.0,0.0,0.0,0.0
29607,0.0,0.0,0.0,0.0,0.0,0.0,0.0,0.0
29621,0.0,0.0,0.0,0.0,0.0,0.0,0.0,0.0
29619,0.0,0.0,0.0,0.0,0.0,0.0,0.0,0.0
29629,0.0,0.0,0.0,0.0,0.0,0.0,0.0,0.0
29636,0.0,0.0,0.0,0.0,0.0,0.0,0.0,0.0
29650,0.0,0.0,0.0,0.0,0.0,0.0,0.0,0.0
29679,0.0,0.0,0.0,0.0,0.0,0.0,0.0,0.0
29681,0.0,0.0,0.0,0.0,0.0,0.0,0.0,0.0
29709,0.0,0.0,0.0,0.0,0.0,0.0,0.0,0.0
29711,0.0,0.0,0.0,0.0,0.0,0.0,0.0,0.0
29749,0.0,0.0,0.0,0.0,0.0,0.0,0.0,0.0
29757,0.0,0.0,0.0,0.0,0.0,0.0,0.0,0.0
29770,0.0,0.0,0.0,0.0,0.0,0.0,0.0,0.0
29771,0.0,0.0,0.0,0.0,0.0,0.0,0.0,0.0
29762,0.0,0.0,0.0,0.0,0.0,0.0,0.0,0.0
29785,0.0,0.0,0.0,0.0,0.0,0.0,0.0,0.0
29784,0.0,0.0,0.0,0.0,0.0,0.0,0.0,0.0
29796,0.0,0.0,0.0,0.0,0.0,0.0,0.0,0.0
29849,0.0,0.0,0.0,0.0,0.0,0.0,0.0,0.0
29856,0.0,0.0,0.0,0.0,0.0,0.0,0.0,0.0
29876,0.0,0.0,0.0,0.0,0.0,0.0,0.0,0.0
29878,0.0,0.0,0.0,0.0,0.0,0.0,0.0,0.0
29913,0.0,0.0,0.0,0.0,0.0,0.0,0.0,0.0
29920,0.0,0.0,0.0,0.0,0.0,0.0,0.0,0.0
29926,0.0,0.0,0.0,0.0,0.0,0.0,0.0,0.0
29927,0.0,0.0,0.0,0.0,0.0,0.0,0.0,0.0
29963,0.0,0.0,0.0,0.0,0.0,0.0,0.0,0.0
29989,0.0,0.0,0.0,0.0,0.0,0.0,0.0,0.0
30008,0.0,0.0,0.0,0.0,0.0,0.0,0.0,0.0
30035,0.0,0.0,0.0,0.0,0.0,0.0,0.0,0.0
30055,0.0,0.0,0.0,0.0,0.0,0.0,0.0,0.0
30075,0.0,0.0,0.0,0.0,0.0,0.0,0.0,0.0
30118,0.0,0.0,0.0,0.0,0.0,0.0,0.0,0.0
30131,0.0,0.0,0.0,0.0,0.0,0.0,0.0,0.0
30156,0.0,0.0,0.0,0.0,0.0,0.0,0.0,0.0
30165,0.0,0.0,0.0,0.0,0.0,0.0,0.0,0.0
30172,0.0,0.0,0.0,0.0,0.0,0.0,0.0,0.0
30217,0.0,0.0,0.0,0.0,0.0,0.0,0.0,0.0
30224,0.0,0.0,0.0,0.0,0.0,0.0,0.0,0.0
30246,0.0,0.0,0.0,0.0,0.0,0.0,0.0,0.0
30253,0.0,0.0,0.0,0.0,0.0,0.0,0.0,0.0
30269,0.0,0.0,0.0,0.0,0.0,0.0,0.0,0.0
30287,0.0,0.0,0.0,0.0,0.0,0.0,0.0,0.0
30315,0.0,0.0,0.0,0.0,0.0,0.0,0.0,0.0
30338,0.0,0.0,0.0,0.0,0.0,0.0,0.0,0.0
30348,0.0,0.0,0.0,0.0,0.0,0.0,0.0,0.0
30401,0.0,0.0,0.0,0.0,0.0,0.0,0.0,0.0
30414,0.0,0.0,0.0,0.0,0.0,0.0,0.0,0.0
30474,0.0,0.0,0.0,0.0,0.0,0.0,0.0,0.0
30489,0.0,0.0,0.0,0.0,0.0,0.0,0.0,0.0
30506,0.0,0.0,0.0,0.0,0.0,0.0,0.0,0.0
30546,0.0,0.0,0.0,0.0,0.0,0.0,0.0,0.0
30583,0.0,0.0,0.0,0.0,0.0,0.0,0.0,0.0
30597,0.0,0.0,0.0,0.0,0.0,0.0,0.0,0.0
30612,0.0,0.0,0.0,0.0,0.0,0.0,0.0,0.0
30670,0.0,0.0,0.0,0.0,0.0,0.0,0.0,0.0
30696,0.0,0.0,0.0,0.0,0.0,0.0,0.0,0.0
30721,0.0,0.0,0.0,0.0,0.0,0.0,0.0,0.0
30747,0.0,0.0,0.0,0.0,0.0,0.0,0.0,0.0
30763,0.0,0.0,0.0,0.0,0.0,0.0,0.0,0.0
30816,0.0,0.0,0.0,0.0,0.0,0.0,0.0,0.0
30833,0.0,0.0,0.0,0.0,0.0,0.0,0.0,0.0
30856,0.0,0.0,0.0,0.0,0.0,0.0,0.0,0.0
30872,0.0,0.0,0.0,0.0,0.0,0.0,0.0,0.0
30902,0.0,0.0,0.0,0.0,0.0,0.0,0.0,0.0
30927,0.0,0.0,0.0,0.0,0.0,0.0,0.0,0.0
30948,0.0,0.0,0.0,0.0,0.0,0.0,0.0,0.0
31006,0.0,0.0,0.0,0.0,0.0,0.0,0.0,0.0
31027,0.0,0.0,0.0,0.0,0.0,0.0,0.0,0.0
31075,0.0,0.0,0.0,0.0,0.0,0.0,0.0,0.0
31151,0.0,0.0,0.0,0.0,0.0,0.0,0.0,0.0
31127,0.0,0.0,0.0,0.0,0.0,0.0,0.0,0.0
31118,0.0,0.0,0.0,0.0,0.0,0.0,0.0,0.0
31131,0.0,0.0,0.0,0.0,0.0,0.0,0.0,0.0
31156,0.0,0.0,0.0,0.0,0.0,0.0,0.0,0.0
31191,0.0,0.0,0.0,0.0,0.0,0.0,0.0,0.0
31184,0.0,0.0,0.0,0.0,0.0,0.0,0.0,0.0
31239,0.0,0.0,0.0,0.0,0.0,0.0,0.0,0.0
31260,0.0,0.0,0.0,0.0,0.0,0.0,0.0,0.0
31291,0.0,0.0,0.0,0.0,0.0,0.0,0.0,0.0
31311,0.0,0.0,0.0,0.0,0.0,0.0,0.0,0.0
31330,0.0,0.0,0.0,0.0,0.0,0.0,0.0,0.0
31366,0.0,0.0,0.0,0.0,0.0,0.0,0.0,0.0
31377,0.0,0.0,0.0,0.0,0.0,0.0,0.0,0.0
31395,0.0,0.0,0.0,0.0,0.0,0.0,0.0,0.0
31392,0.0,0.0,0.0,0.0,0.0,0.0,0.0,0.0
31409,0.0,0.0,0.0,0.0,0.0,0.0,0.0,0.0
31431,0.0,0.0,0.0,0.0,0.0,0.0,0.0,0.0
31444,0.0,0.0,0.0,0.0,0.0,0.0,0.0,0.0
31491,0.0,0.0,0.0,0.0,0.0,0.0,0.0,0.0
31520,0.0,0.0,0.0,0.0,0.0,0.0,0.0,0.0
31532,0.0,0.0,0.0,0.0,0.0,0.0,0.0,0.0
31522,0.0,0.0,0.0,0.0,0.0,0.0,0.0,0.0
31530,0.0,0.0,0.0,0.0,0.0,0.0,0.0,0.0
31530,0.0,0.0,0.0,0.0,0.0,0.0,0.0,0.0
31520,0.0,0.0,0.0,0.0,0.0,0.0,0.0,0.0
31552,0.0,0.0,0.0,0.0,0.0,0.0,0.0,0.0
31544,0.0,0.0,0.0,0.0,0.0,0.0,0.0,0.0
31546,0.0,0.0,0.0,0.0,0.0,0.0,0.0,0.0
31541,0.0,0.0,0.0,0.0,0.0,0.0,0.0,0.0
31558,0.0,0.0,0.0,0.0,0.0,0.0,0.0,0.0
31546,0.0,0.0,0.0,0.0,0.0,0.0,0.0,0.0
31532,0.0,0.0,0.0,0.0,0.0,0.0,0.0,0.0
31530,0.0,0.0,0.0,0.0,0.0,0.0,0.0,0.0
31527,0.0,0.0,0.0,0.0,0.0,0.0,0.0,0.0
31499,0.0,0.0,0.0,0.0,0.0,0.0,0.0,0.0
31454,0.0,0.0,0.0,0.0,0.0,0.0,0.0,0.0
31431,0.0,0.0,0.0,0.0,0.0,0.0,0.0,0.0
31424,0.0,0.0,0.0,0.0,0.0,0.0,0.0,0.0
31379,0.0,0.0,0.0,0.0,0.0,0.0,0.0,0.0
31344,0.0,0.0,0.0,0.0,0.0,0.0,0.0,0.0
31323,0.0,0.0,0.0,0.0,0.0,0.0,0.0,0.0
31242,0.0,0.0,0.0,0.0,0.0,0.0,0.0,0.0
31233,0.0,0.0,0.0,0.0,0.0,0.0,0.0,0.0
31169,0.0,0.0,0.0,0.0,0.0,0.0,0.0,0.0
31164,0.0,0.0,0.0,0.0,0.0,0.0,0.0,0.0
31088,0.0,0.0,0.0,0.0,0.0,0.0,0.0,0.0
31077,0.0,0.0,0.0,0.0,0.0,0.0,0.0,0.0
31078,0.0,0.0,0.0,0.0,0.0,0.0,0.0,0.0
31038,0.0,0.0,0.0,0.0,0.0,0.0,0.0,0.0
31017,0.0,0.0,0.0,0.0,0.0,0.0,0.0,0.0
31013,0.0,0.0,0.0,0.0,0.0,0.0,0.0,0.0
30991,0.0,0.0,0.0,0.0,0.0,0.0,0.0,0.0
30977,0.0,0.0,0.0,0.0,0.0,0.0,0.0,0.0
30979,0.0,0.0,0.0,0.0,0.0,0.0,0.0,0.0
30968,0.0,0.0,0.0,0.0,0.0,0.0,0.0,0.0
30954,0.0,0.0,0.0,0.0,0.0,0.0,0.0,0.0
30959,0.0,0.0,0.0,0.0,0.0,0.0,0.0,0.0
30968,0.0,0.0,0.0,0.0,0.0,0.0,0.0,0.0
30962,0.0,0.0,0.0,0.0,0.0,0.0,0.0,0.0
30955,0.0,0.0,0.0,0.0,0.0,0.0,0.0,0.0
30974,0.0,0.0,0.0,0.0,0.0,0.0,0.0,0.0
30980,0.0,0.0,0.0,0.0,0.0,0.0,0.0,0.0
30976,0.0,0.0,0.0,0.0,0.0,0.0,0.0,0.0
30984,0.0,0.0,0.0,0.0,0.0,0.0,0.0,0.0
30999,0.0,0.0,0.0,0.0,0.0,0.0,0.0,0.0
31002,0.0,0.0,0.0,0.0,0.0,0.0,0.0,0.0
31013,0.0,0.0,0.0,0.0,0.0,0.0,0.0,0.0
31043,0.0,0.0,0.0,0.0,0.0,0.0,0.0,0.0
31037,0.0,0.0,0.0,0.0,0.0,0.0,0.0,0.0
31059,0.0,0.0,0.0,0.0,0.0,0.0,0.0,0.0
31058,0.0,0.0,0.0,0.0,0.0,0.0,0.0,0.0
31058,0.0,0.0,0.0,0.0,0.0,0.0,0.0,0.0
31074,0.0,0.0,0.0,0.0,0.0,0.0,0.0,0.0
31075,0.0,0.0,0.0,0.0,0.0,0.0,0.0,0.0
31087,0.0,0.0,0.0,0.0,0.0,0.0,0.0,0.0
31088,0.0,0.0,0.0,0.0,0.0,0.0,0.0,0.0
31098,0.0,0.0,0.0,0.0,0.0,0.0,0.0,0.0
31105,0.0,0.0,0.0,0.0,0.0,0.0,0.0,0.0
31103,0.0,0.0,0.0,0.0,0.0,0.0,0.0,0.0
31131,0.0,0.0,0.0,0.0,0.0,0.0,0.0,0.0
31139,0.0,0.0,0.0,0.0,0.0,0.0,0.0,0.0
31160,0.0,0.0,0.0,0.0,0.0,0.0,0.0,0.0
31167,0.0,0.0,0.0,0.0,0.0,0.0,0.0,0.0
31178,0.0,0.0,0.0,0.0,0.0,0.0,0.0,0.0
31200,0.0,0.0,0.0,0.0,0.0,0.0,0.0,0.0
31221,0.0,0.0,0.0,0.0,0.0,0.0,0.0,0.0
31221,0.0,0.0,0.0,0.0,0.0,0.0,0.0,0.0
31246,0.0,0.0,0.0,0.0,0.0,0.0,0.0,0.0
31262,0.0,0.0,0.0,0.0,0.0,0.0,0.0,0.0
31289,0.0,0.0,0.0,0.0,0.0,0.0,0.0,0.0
31318,0.0,0.0,0.0,0.0,0.0,0.0,0.0,0.0
31330,0.0,0.0,0.0,0.0,0.0,0.0,0.0,0.0
31315,0.0,0.0,0.0,0.0,0.0,0.0,0.0,0.0
31325,0.0,0.0,0.0,0.0,0.0,0.0,0.0,0.0
31368,0.0,0.0,0.0,0.0,0.0,0.0,0.0,0.0
31420,0.0,0.0,0.0,0.0,0.0,0.0,0.0,0.0
31427,0.0,0.0,0.0,0.0,0.0,0.0,0.0,0.0
31461,0.0,0.0,0.0,0.0,0.0,0.0,0.0,0.0
31504,0.0,0.0,0.0,0.0,0.0,0.0,0.0,0.0
31583,0.0,0.0,0.0,0.0,0.0,0.0,0.0,0.0
31609,0.0,0.0,0.0,0.0,0.0,0.0,0.0,0.0
31657,0.0,0.0,0.0,0.0,0.0,0.0,0.0,0.0
31714,0.0,0.0,0.0,0.0,0.0,0.0,0.0,0.0
31744,0.0,0.0,0.0,0.0,0.0,0.0,0.0,0.0
31870,0.0,0.0,0.0,0.0,0.0,0.0,0.0,0.0
31920,0.0,0.0,0.0,0.0,0.0,0.0,0.0,0.0
31981,0.0,0.0,0.0,0.0,0.0,0.0,0.0,0.0
32040,0.0,0.0,0.0,0.0,0.0,0.0,0.0,0.0
32282,0.0,0.0,0.0,0.0,0.0,0.0,0.0,0.0
32360,0.0,0.0,0.0,0.0,0.0,0.0,0.0,0.0
32449,0.0,0.0,0.0,0.0,0.0,0.0,0.0,0.0
32518,0.0,0.0,0.0,0.0,0.0,0.0,0.0,0.0
32566,0.0,0.0,0.0,0.0,0.0,0.0,0.0,0.0
32613,0.0,0.0,0.0,0.0,0.0,0.0,0.0,0.0
32679,0.0,0.0,0.0,0.0,0.0,0.0,0.0,0.0
32850,0.0,0.0,0.0,0.0,0.0,0.0,0.0,0.0
32910,0.0,0.0,0.0,0.0,0.0,0.0,0.0,0.0
33079,0.0,0.0,0.0,0.0,0.0,0.0,0.0,0.0
33136,0.0,0.0,0.0,0.0,0.0,0.0,0.0,0.0
33248,0.0,0.0,0.0,0.0,0.0,0.0,0.0,0.0
33364,0.0,0.0,0.0,0.0,0.0,0.0,0.0,0.0
33477,0.0,0.0,0.0,0.0,0.0,0.0,0.0,0.0
33531,0.0,0.0,0.0,0.0,0.0,0.0,0.0,0.0
33606,0.0,0.0,0.0,0.0,0.0,0.0,0.0,0.0
33661,0.0,0.0,0.0,0.0,0.0,0.0,0.0,0.0
33839,0.0,0.0,0.0,0.0,0.0,0.0,0.0,0.0
33890,0.0,0.0,0.0,0.0,0.0,0.0,0.0,0.0
33933,0.0,0.0,0.0,0.0,0.0,0.0,0.0,0.0
34093,0.0,0.0,0.0,0.0,0.0,0.0,0.0,0.0
34161,0.0,0.0,0.0,0.0,0.0,0.0,0.0,0.0
34240,0.0,0.0,0.0,0.0,0.0,0.0,0.0,0.0
34280,0.0,0.0,0.0,0.0,0.0,0.0,0.0,0.0
34323,0.0,0.0,0.0,0.0,0.0,0.0,0.0,0.0
34416,0.0,0.0,0.0,0.0,0.0,0.0,0.0,0.0
34465,0.0,0.0,0.0,0.0,0.0,0.0,0.0,0.0
34584,0.0,0.0,0.0,0.0,0.0,0.0,0.0,0.0
34673,0.0,0.0,0.0,0.0,0.0,0.0,0.0,0.0
34736,0.0,0.0,0.0,0.0,0.0,0.0,0.0,0.0
34863,0.0,0.0,0.0,0.0,0.0,0.0,0.0,0.0
35059,0.0,0.0,0.0,0.0,0.0,0.0,0.0,0.0
35108,0.0,0.0,0.0,0.0,0.0,0.0,0.0,0.0
35161,0.0,0.0,0.0,0.0,0.0,0.0,0.0,0.0
35222,0.0,0.0,0.0,0.0,0.0,0.0,0.0,0.0
35434,0.0,0.0,0.0,0.0,0.0,0.0,0.0,0.0
35529,0.0,0.0,0.0,0.0,0.0,0.0,0.0,0.0
35617,0.0,0.0,0.0,0.0,0.0,0.0,0.0,0.0
35661,0.0,0.0,0.0,0.0,0.0,0.0,0.0,0.0
35760,0.0,0.0,0.0,0.0,0.0,0.0,0.0,0.0
35840,0.0,0.0,0.0,0.0,0.0,0.0,0.0,0.0
35933,0.0,0.0,0.0,0.0,0.0,0.0,0.0,0.0
35985,0.0,0.0,0.0,0.0,0.0,0.0,0.0,0.0
36047,0.0,0.0,0.0,0.0,0.0,0.0,0.0,0.0
36085,0.0,0.0,0.0,0.0,0.0,0.0,0.0,0.0
36174,0.0,0.0,0.0,0.0,0.0,0.0,0.0,0.0
36272,0.0,0.0,0.0,0.0,0.0,0.0,0.0,0.0
36345,0.0,0.0,0.0,0.0,0.0,0.0,0.0,0.0
36385,0.0,0.0,0.0,0.0,0.0,0.0,0.0,0.0
36426,0.0,0.0,0.0,0.0,0.0,0.0,0.0,0.0
36520,0.0,0.0,0.0,0.0,0.0,0.0,0.0,0.0
36561,0.0,0.0,0.0,0.0,0.0,0.0,0.0,0.0
36746,0.0,0.0,0.0,0.0,0.0,0.0,0.0,0.0
36798,0.0,0.0,0.0,0.0,0.0,0.0,0.0,0.0
36939,0.0,0.0,0.0,0.0,0.0,0.0,0.0,0.0
37069,0.0,0.0,0.0,0.0,0.0,0.0,0.0,0.0
37128,0.0,0.0,0.0,0.0,0.0,0.0,0.0,0.0
37335,0.0,0.0,0.0,0.0,0.0,0.0,0.0,0.0
37377,0.0,0.0,0.0,0.0,0.0,0.0,0.0,0.0
37439,0.0,0.0,0.0,0.0,0.0,0.0,0.0,0.0
37570,0.0,0.0,0.0,0.0,0.0,0.0,0.0,0.0
37666,0.0,0.0,0.0,0.0,0.0,0.0,0.0,0.0
37789,0.0,0.0,0.0,0.0,0.0,0.0,0.0,0.0
37827,0.0,0.0,0.0,0.0,0.0,0.0,0.0,0.0
37875,0.0,0.0,0.0,0.0,0.0,0.0,0.0,0.0
38049,0.0,0.0,0.0,0.0,0.0,0.0,0.0,0.0
38080,0.0,0.0,0.0,0.0,0.0,0.0,0.0,0.0
38218,0.0,0.0,0.0,0.0,0.0,0.0,0.0,0.0
38265,0.0,0.0,0.0,0.0,0.0,0.0,0.0,0.0
38370,0.0,0.0,0.0,0.0,0.0,0.0,0.0,0.0
38366,0.0,0.0,0.0,0.0,0.0,0.0,0.0,0.0
38371,0.0,0.0,0.0,0.0,0.0,0.0,0.0,0.0
38360,0.0,0.0,0.0,0.0,0.0,0.0,0.0,0.0
38325,0.0,0.0,0.0,0.0,0.0,0.0,0.0,0.0
38343,0.0,0.0,0.0,0.0,0.0,0.0,0.0,0.0
38330,0.0,0.0,0.0,0.0,0.0,0.0,0.0,0.0
38325,0.0,0.0,0.0,0.0,0.0,0.0,0.0,0.0
38305,0.0,0.0,0.0,0.0,0.0,0.0,0.0,0.0
38286,0.0,0.0,0.0,0.0,0.0,0.0,0.0,0.0
38281,0.0,0.0,0.0,0.0,0.0,0.0,0.0,0.0
38280,0.0,0.0,0.0,0.0,0.0,0.0,0.0,0.0
38282,0.0,0.0,0.0,0.0,0.0,0.0,0.0,0.0
38269,0.0,0.0,0.0,0.0,0.0,0.0,0.0,0.0
38239,0.0,0.0,0.0,0.0,0.0,0.0,0.0,0.0
38214,0.0,0.0,0.0,0.0,0.0,0.0,0.0,0.0
38125,0.0,0.0,0.0,0.0,0.0,0.0,0.0,0.0
38135,0.0,0.0,0.0,0.0,0.0,0.0,0.0,0.0
38112,0.0,0.0,0.0,0.0,0.0,0.0,0.0,0.0
38091,0.0,0.0,0.0,0.0,0.0,0.0,0.0,0.0
38038,0.0,0.0,0.0,0.0,0.0,0.0,0.0,0.0
38029,0.0,0.0,0.0,0.0,0.0,0.0,0.0,0.0
37997,0.0,0.0,0.0,0.0,0.0,0.0,0.0,0.0
37984,0.0,0.0,0.0,0.0,0.0,0.0,0.0,0.0
37927,0.0,0.0,0.0,0.0,0.0,0.0,0.0,0.0
37919,0.0,0.0,0.0,0.0,0.0,0.0,0.0,0.0
37893,0.0,0.0,0.0,0.0,0.0,0.0,0.0,0.0
37887,0.0,0.0,0.0,0.0,0.0,0.0,0.0,0.0
37850,0.0,0.0,0.0,0.0,0.0,0.0,0.0,0.0
37792,0.0,0.0,0.0,0.0,0.0,0.0,0.0,0.0
37778,0.0,0.0,0.0,0.0,0.0,0.0,0.0,0.0
37775,0.0,0.0,0.0,0.0,0.0,0.0,0.0,0.0
37759,0.0,0.0,0.0,0.0,0.0,0.0,0.0,0.0
37746,0.0,0.0,0.0,0.0,0.0,0.0,0.0,0.0
37715,0.0,0.0,0.0,0.0,0.0,0.0,0.0,0.0
37708,0.0,0.0,0.0,0.0,0.0,0.0,0.0,0.0
37706,0.0,0.0,0.0,0.0,0.0,0.0,0.0,0.0
37689,0.0,0.0,0.0,0.0,0.0,0.0,0.0,0.0
37670,0.0,0.0,0.0,0.0,0.0,0.0,0.0,0.0
37659,0.0,0.0,0.0,0.0,0.0,0.0,0.0,0.0
37631,0.0,0.0,0.0,0.0,0.0,0.0,0.0,0.0
37634,0.0,0.0,0.0,0.0,0.0,0.0,0.0,0.0
37619,0.0,0.0,0.0,0.0,0.0,0.0,0.0,0.0
37595,0.0,0.0,0.0,0.0,0.0,0.0,0.0,0.0
37566,0.0,0.0,0.0,0.0,0.0,0.0,0.0,0.0
37529,0.0,0.0,0.0,0.0,0.0,0.0,0.0,0.0
37526,0.0,0.0,0.0,0.0,0.0,0.0,0.0,0.0
37530,0.0,0.0,0.0,0.0,0.0,0.0,0.0,0.0
37522,0.0,0.0,0.0,0.0,0.0,0.0,0.0,0.0
37489,0.0,0.0,0.0,0.0,0.0,0.0,0.0,0.0
37474,0.0,0.0,0.0,0.0,0.0,0.0,0.0,0.0
37453,0.0,0.0,0.0,0.0,0.0,0.0,0.0,0.0
37454,0.0,0.0,0.0,0.0,0.0,0.0,0.0,0.0
37437,0.0,0.0,0.0,0.0,0.0,0.0,0.0,0.0
37413,0.0,0.0,0.0,0.0,0.0,0.0,0.0,0.0
37394,0.0,0.0,0.0,0.0,0.0,0.0,0.0,0.0
37380,0.0,0.0,0.0,0.0,0.0,0.0,0.0,0.0
37361,0.0,0.0,0.0,0.0,0.0,0.0,0.0,0.0
37343,0.0,0.0,0.0,0.0,0.0,0.0,0.0,0.0
37334,0.0,0.0,0.0,0.0,0.0,0.0,0.0,0.0
37334,0.0,0.0,0.0,0.0,0.0,0.0,0.0,0.0
37303,0.0,0.0,0.0,0.0,0.0,0.0,0.0,0.0
37286,0.0,0.0,0.0,0.0,0.0,0.0,0.0,0.0
37263,0.0,0.0,0.0,0.0,0.0,0.0,0.0,0.0
37245,0.0,0.0,0.0,0.0,0.0,0.0,0.0,0.0
37206,0.0,0.0,0.0,0.0,0.0,0.0,0.0,0.0
37195,0.0,0.0,0.0,0.0,0.0,0.0,0.0,0.0
37174,0.0,0.0,0.0,0.0,0.0,0.0,0.0,0.0
37130,0.0,0.0,0.0,0.0,0.0,0.0,0.0,0.0
37111,0.0,0.0,0.0,0.0,0.0,0.0,0.0,0.0
37069,0.0,0.0,0.0,0.0,0.0,0.0,0.0,0.0
37047,0.0,0.0,0.0,0.0,0.0,0.0,0.0,0.0
37004,0.0,0.0,0.0,0.0,0.0,0.0,0.0,0.0
37004,0.0,0.0,0.0,0.0,0.0,0.0,0.0,0.0
36982,0.0,0.0,0.0,0.0,0.0,0.0,0.0,0.0
37011,0.0,0.0,0.0,0.0,0.0,0.0,0.0,0.0
36992,0.0,0.0,0.0,0.0,0.0,0.0,0.0,0.0
36939,0.0,0.0,0.0,0.0,0.0,0.0,0.0,0.0
36925,0.0,0.0,0.0,0.0,0.0,0.0,0.0,0.0
36934,0.0,0.0,0.0,0.0,0.0,0.0,0.0,0.0
36912,0.0,0.0,0.0,0.0,0.0,0.0,0.0,0.0
36876,0.0,0.0,0.0,0.0,0.0,0.0,0.0,0.0
36863,0.0,0.0,0.0,0.0,0.0,0.0,0.0,0.0
36851,0.0,0.0,0.0,0.0,0.0,0.0,0.0,0.0
36846,0.0,0.0,0.0,0.0,0.0,0.0,0.0,0.0
36833,0.0,0.0,0.0,0.0,0.0,0.0,0.0,0.0
36833,0.0,0.0,0.0,0.0,0.0,0.0,0.0,0.0
36852,0.0,0.0,0.0,0.0,0.0,0.0,0.0,0.0
36847,0.0,0.0,0.0,0.0,0.0,0.0,0.0,0.0
36824,0.0,0.0,0.0,0.0,0.0,0.0,0.0,0.0
36786,0.0,0.0,0.0,0.0,0.0,0.0,0.0,0.0
36782,0.0,0.0,0.0,0.0,0.0,0.0,0.0,0.0
36750,0.0,0.0,0.0,0.0,0.0,0.0,0.0,0.0
36719,0.0,0.0,0.0,0.0,0.0,0.0,0.0,0.0
36678,0.0,0.0,0.0,0.0,0.0,0.0,0.0,0.0
36619,0.0,0.0,0.0,0.0,0.0,0.0,0.0,0.0
36601,0.0,0.0,0.0,0.0,0.0,0.0,0.0,0.0
36560,0.0,0.0,0.0,0.0,0.0,0.0,0.0,0.0
36517,0.0,0.0,0.0,0.0,0.0,0.0,0.0,0.0
36504,0.0,0.0,0.0,0.0,0.0,0.0,0.0,0.0
36497,0.0,0.0,0.0,0.0,0.0,0.0,0.0,0.0
36442,0.0,0.0,0.0,0.0,0.0,0.0,0.0,0.0
36400,0.0,0.0,0.0,0.0,0.0,0.0,0.0,0.0
36377,0.0,0.0,0.0,0.0,0.0,0.0,0.0,0.0
36322,0.0,0.0,0.0,0.0,0.0,0.0,0.0,0.0
36296,0.0,0.0,0.0,0.0,0.0,0.0,0.0,0.0
36268,0.0,0.0,0.0,0.0,0.0,0.0,0.0,0.0
36191,0.0,0.0,0.0,0.0,0.0,0.0,0.0,0.0
36105,0.0,0.0,0.0,0.0,0.0,0.0,0.0,0.0
36076,0.0,0.0,0.0,0.0,0.0,0.0,0.0,0.0
36023,0.0,0.0,0.0,0.0,0.0,0.0,0.0,0.0
35945,0.0,0.0,0.0,0.0,0.0,0.0,0.0,0.0
35932,0.0,0.0,0.0,0.0,0.0,0.0,0.0,0.0
35923,0.0,0.0,0.0,0.0,0.0,0.0,0.0,0.0
35876,0.0,0.0,0.0,0.0,0.0,0.0,0.0,0.0
35853,0.0,0.0,0.0,0.0,0.0,0.0,0.0,0.0
35838,0.0,0.0,0.0,0.0,0.0,0.0,0.0,0.0
35795,0.0,0.0,0.0,0.0,0.0,0.0,0.0,0.0
35786,0.0,0.0,0.0,0.0,0.0,0.0,0.0,0.0
35768,0.0,0.0,0.0,0.0,0.0,0.0,0.0,0.0
35761,0.0,0.0,0.0,0.0,0.0,0.0,0.0,0.0
35777,0.0,0.0,0.0,0.0,0.0,0.0,0.0,0.0
35781,0.0,0.0,0.0,0.0,0.0,0.0,0.0,0.0
35786,0.0,0.0,0.0,0.0,0.0,0.0,0.0,0.0
35781,0.0,0.0,0.0,0.0,0.0,0.0,0.0,0.0
35782,0.0,0.0,0.0,0.0,0.0,0.0,0.0,0.0
35788,0.0,0.0,0.0,0.0,0.0,0.0,0.0,0.0
35798,0.0,0.0,0.0,0.0,0.0,0.0,0.0,0.0
35791,0.0,0.0,0.0,0.0,0.0,0.0,0.0,0.0
35794,0.0,0.0,0.0,0.0,0.0,0.0,0.0,0.0
35799,0.0,0.0,0.0,0.0,0.0,0.0,0.0,0.0
35805,0.0,0.0,0.0,0.0,0.0,0.0,0.0,0.0
35816,0.0,0.0,0.0,0.0,0.0,0.0,0.0,0.0
35826,0.0,0.0,0.0,0.0,0.0,0.0,0.0,0.0
35859,0.0,0.0,0.0,0.0,0.0,0.0,0.0,0.0
35872,0.0,0.0,0.0,0.0,0.0,0.0,0.0,0.0
35903,0.0,0.0,0.0,0.0,0.0,0.0,0.0,0.0
35921,0.0,0.0,0.0,0.0,0.0,0.0,0.0,0.0
35919,0.0,0.0,0.0,0.0,0.0,0.0,0.0,0.0
35941,0.0,0.0,0.0,0.0,0.0,0.0,0.0,0.0
35943,0.0,0.0,0.0,0.0,0.0,0.0,0.0,0.0
36002,0.0,0.0,0.0,0.0,0.0,0.0,0.0,0.0
36015,0.0,0.0,0.0,0.0,0.0,0.0,0.0,0.0
36044,0.0,0.0,0.0,0.0,0.0,0.0,0.0,0.0
36081,0.0,0.0,0.0,0.0,0.0,0.0,0.0,0.0
36135,0.0,0.0,0.0,0.0,0.0,0.0,0.0,0.0
36154,0.0,0.0,0.0,0.0,0.0,0.0,0.0,0.0
36167,0.0,0.0,0.0,0.0,0.0,0.0,0.0,0.0
36204,0.0,0.0,0.0,0.0,0.0,0.0,0.0,0.0
36246,0.0,0.0,0.0,0.0,0.0,0.0,0.0,0.0
36286,0.0,0.0,0.0,0.0,0.0,0.0,0.0,0.0
36329,0.0,0.0,0.0,0.0,0.0,0.0,0.0,0.0
36396,0.0,0.0,0.0,0.0,0.0,0.0,0.0,0.0
36472,0.0,0.0,0.0,0.0,0.0,0.0,0.0,0.0
36528,0.0,0.0,0.0,0.0,0.0,0.0,0.0,0.0
36576,0.0,0.0,0.0,0.0,0.0,0.0,0.0,0.0
36757,0.0,0.0,0.0,0.0,0.0,0.0,0.0,0.0
36811,0.0,0.0,0.0,0.0,0.0,0.0,0.0,0.0
36889,0.0,0.0,0.0,0.0,0.0,0.0,0.0,0.0
37089,0.0,0.0,0.0,0.0,0.0,0.0,0.0,0.0
37210,0.0,0.0,0.0,0.0,0.0,0.0,0.0,0.0
37305,0.0,0.0,0.0,0.0,0.0,0.0,0.0,0.0
37468,0.0,0.0,0.0,0.0,0.0,0.0,0.0,0.0
37628,0.0,0.0,0.0,0.0,0.0,0.0,0.0,0.0
37728,0.0,0.0,0.0,0.0,0.0,0.0,0.0,0.0
37875,0.0,0.0,0.0,0.0,0.0,0.0,0.0,0.0
38109,0.0,0.0,0.0,0.0,0.0,0.0,0.0,0.0
38230,0.0,0.0,0.0,0.0,0.0,0.0,0.0,0.0
38451,0.0,0.0,0.0,0.0,0.0,0.0,0.0,0.0
38580,0.0,0.0,0.0,0.0,0.0,0.0,0.0,0.0
38850,0.0,0.0,0.0,0.0,0.0,0.0,0.0,0.0
39071,0.0,0.0,0.0,0.0,0.0,0.0,0.0,0.0
39224,0.0,0.0,0.0,0.0,0.0,0.0,0.0,0.0
39814,0.0,0.0,0.0,0.0,0.0,0.0,0.0,0.0
40201,0.0,0.0,0.0,0.0,0.0,0.0,0.0,0.0
40390,0.0,0.0,0.0,0.0,0.0,0.0,0.0,0.0
41151,0.0,0.0,0.0,0.0,0.0,0.0,0.0,0.0
41388,0.0,0.0,0.0,0.0,0.0,0.0,0.0,0.0
41611,0.0,0.0,0.0,0.0,0.0,0.0,0.0,0.0
42173,0.0,0.0,0.0,0.0,0.0,0.0,0.0,0.0
42412,0.0,0.0,0.0,0.0,0.0,0.0,0.0,0.0
42657,0.0,0.0,0.0,0.0,0.0,0.0,0.0,0.0
43214,0.0,0.0,0.0,0.0,0.0,0.0,0.0,0.0
43472,0.0,0.0,0.0,0.0,0.0,0.0,0.0,0.0
43824,0.0,0.0,0.0,0.0,0.0,0.0,0.0,0.0
44442,0.0,0.0,0.0,0.0,0.0,0.0,0.0,0.0
44684,0.0,0.0,0.0,0.0,0.0,0.0,0.0,0.0
44919,0.0,0.0,0.0,0.0,0.0,0.0,0.0,0.0
45646,0.0,0.0,0.0,0.0,0.0,0.0,0.0,0.0
45888,0.0,0.0,0.0,0.0,0.0,0.0,0.0,0.0
46347,0.0,0.0,0.0,0.0,0.0,0.0,0.0,0.0
46756,0.0,0.0,0.0,0.0,0.0,0.0,0.0,0.0
46964,0.0,0.0,0.0,0.0,0.0,0.0,0.0,0.0
47153,0.0,0.0,0.0,0.0,0.0,0.0,0.0,0.0
47340,0.0,0.0,0.0,0.0,0.0,0.0,0.0,0.0
47656,0.0,0.0,0.0,0.0,0.0,0.0,0.0,0.0
47826,0.0,0.0,0.0,0.0,0.0,0.0,0.0,0.0
48527,0.0,0.0,0.0,0.0,0.0,0.0,0.0,0.0
48694,0.0,0.0,0.0,0.0,0.0,0.0,0.0,0.0
49011,0.0,0.0,0.0,0.0,0.0,0.0,0.0,0.0
49161,0.0,0.0,0.0,0.0,0.0,0.0,0.0,0.0
49293,0.0,0.0,0.0,0.0,0.0,0.0,0.0,0.0
50283,0.0,0.0,0.0,0.0,0.0,0.0,0.0,0.0
50412,0.0,0.0,0.0,0.0,0.0,0.0,0.0,0.0
50895,0.0,0.0,0.0,0.0,0.0,0.0,0.0,0.0
51164,0.0,0.0,0.0,0.0,0.0,0.0,0.0,0.0
51274,0.0,0.0,0.0,0.0,0.0,0.0,0.0,0.0
52052,0.0,0.0,0.0,0.0,0.0,0.0,0.0,0.0
52150,0.0,0.0,0.0,0.0,0.0,0.0,0.0,0.0
52414,0.0,0.0,0.0,0.0,0.0,0.0,0.0,0.0
52489,0.0,0.0,0.0,0.0,0.0,0.0,0.0,0.0
52637,0.0,0.0,0.0,0.0,0.0,0.0,0.0,0.0
53033,0.0,0.0,0.0,0.0,0.0,0.0,0.0,0.0
53074,0.0,0.0,0.0,0.0,0.0,0.0,0.0,0.0
53109,0.0,0.0,0.0,0.0,0.0,0.0,0.0,0.0
53130,0.0,0.0,0.0,0.0,0.0,0.0,0.0,0.0
53154,0.0,0.0,0.0,0.0,0.0,0.0,0.0,0.0
53186,0.0,0.0,0.0,0.0,0.0,0.0,0.0,0.0
53194,0.0,0.0,0.0,0.0,0.0,0.0,0.0,0.0
53344,0.0,0.0,0.0,0.0,0.0,0.0,0.0,0.0
53353,0.0,0.0,0.0,0.0,0.0,0.0,0.0,0.0
53364,0.0,0.0,0.0,0.0,0.0,0.0,0.0,0.0
53353,0.0,0.0,0.0,0.0,0.0,0.0,0.0,0.0
53359,0.0,0.0,0.0,0.0,0.0,0.0,0.0,0.0
53367,0.0,0.0,0.0,0.0,0.0,0.0,0.0,0.0
53362,0.0,0.0,0.0,0.0,0.0,0.0,0.0,0.0
53351,0.0,0.0,0.0,0.0,0.0,0.0,0.0,0.0
53338,0.0,0.0,0.0,0.0,0.0,0.0,0.0,0.0
53321,0.0,0.0,0.0,0.0,0.0,0.0,0.0,0.0
53308,0.0,0.0,0.0,0.0,0.0,0.0,0.0,0.0
53284,0.0,0.0,0.0,0.0,0.0,0.0,0.0,0.0
53285,0.0,0.0,0.0,0.0,0.0,0.0,0.0,0.0
53225,0.0,0.0,0.0,0.0,0.0,0.0,0.0,0.0
53219,0.0,0.0,0.0,0.0,0.0,0.0,0.0,0.0
53211,0.0,0.0,0.0,0.0,0.0,0.0,0.0,0.0
53200,0.0,0.0,0.0,0.0,0.0,0.0,0.0,0.0
53171,0.0,0.0,0.0,0.0,0.0,0.0,0.0,0.0
53153,0.0,0.0,0.0,0.0,0.0,0.0,0.0,0.0
53154,0.0,0.0,0.0,0.0,0.0,0.0,0.0,0.0
53155,0.0,0.0,0.0,0.0,0.0,0.0,0.0,0.0
53125,0.0,0.0,0.0,0.0,0.0,0.0,0.0,0.0
53100,0.0,0.0,0.0,0.0,0.0,0.0,0.0,0.0
53095,0.0,0.0,0.0,0.0,0.0,0.0,0.0,0.0
53107,0.0,0.0,0.0,0.0,0.0,0.0,0.0,0.0
53119,0.0,0.0,0.0,0.0,0.0,0.0,0.0,0.0
53116,0.0,0.0,0.0,0.0,0.0,0.0,0.0,0.0
53116,0.0,0.0,0.0,0.0,0.0,0.0,0.0,0.0
53116,0.0,0.0,0.0,0.0,0.0,0.0,0.0,0.0
53145,0.0,0.0,0.0,0.0,0.0,0.0,0.0,0.0
53161,0.0,0.0,0.0,0.0,0.0,0.0,0.0,0.0
53201,0.0,0.0,0.0,0.0,0.0,0.0,0.0,0.0
53221,0.0,0.0,0.0,0.0,0.0,0.0,0.0,0.0
53247,0.0,0.0,0.0,0.0,0.0,0.0,0.0,0.0
53286,0.0,0.0,0.0,0.0,0.0,0.0,0.0,0.0
53309,0.0,0.0,0.0,0.0,0.0,0.0,0.0,0.0
53404,0.0,0.0,0.0,0.0,0.0,0.0,0.0,0.0
53453,0.0,0.0,0.0,0.0,0.0,0.0,0.0,0.0
53491,0.0,0.0,0.0,0.0,0.0,0.0,0.0,0.0
53504,0.0,0.0,0.0,0.0,0.0,0.0,0.0,0.0
53562,0.0,0.0,0.0,0.0,0.0,0.0,0.0,0.0
53611,0.0,0.0,0.0,0.0,0.0,0.0,0.0,0.0
53715,0.0,0.0,0.0,0.0,0.0,0.0,0.0,0.0
53765,0.0,0.0,0.0,0.0,0.0,0.0,0.0,0.0
53815,0.0,0.0,0.0,0.0,0.0,0.0,0.0,0.0
53978,0.0,0.0,0.0,0.0,0.0,0.0,0.0,0.0
54038,0.0,0.0,0.0,0.0,0.0,0.0,0.0,0.0
54086,0.0,0.0,0.0,0.0,0.0,0.0,0.0,0.0
54168,0.0,0.0,0.0,0.0,0.0,0.0,0.0,0.0
54185,0.0,0.0,0.0,0.0,0.0,0.0,0.0,0.0
54233,0.0,0.0,0.0,0.0,0.0,0.0,0.0,0.0
54374,0.0,0.0,0.0,0.0,0.0,0.0,0.0,0.0
54538,0.0,0.0,0.0,0.0,0.0,0.0,0.0,0.0
54585,0.0,0.0,0.0,0.0,0.0,0.0,0.0,0.0
54648,0.0,0.0,0.0,0.0,0.0,0.0,0.0,0.0
54900,0.0,0.0,0.0,0.0,0.0,0.0,0.0,0.0
54965,0.0,0.0,0.0,0.0,0.0,0.0,0.0,0.0
55040,0.0,0.0,0.0,0.0,0.0,0.0,0.0,0.0
55101,0.0,0.0,0.0,0.0,0.0,0.0,0.0,0.0
55164,0.0,0.0,0.0,0.0,0.0,0.0,0.0,0.0
55265,0.0,0.0,0.0,0.0,0.0,0.0,0.0,0.0
55419,0.0,0.0,0.0,0.0,0.0,0.0,0.0,0.0
55475,0.0,0.0,0.0,0.0,0.0,0.0,0.0,0.0
55549,0.0,0.0,0.0,0.0,0.0,0.0,0.0,0.0
55622,0.0,0.0,0.0,0.0,0.0,0.0,0.0,0.0
55740,0.0,0.0,0.0,0.0,0.0,0.0,0.0,0.0
55803,0.0,0.0,0.0,0.0,0.0,0.0,0.0,0.0
56005,0.0,0.0,0.0,0.0,0.0,0.0,0.0,0.0
56049,0.0,0.0,0.0,0.0,0.0,0.0,0.0,0.0
56120,0.0,0.0,0.0,0.0,0.0,0.0,0.0,0.0
56179,0.0,0.0,0.0,0.0,0.0,0.0,0.0,0.0
56375,0.0,0.0,0.0,0.0,0.0,0.0,0.0,0.0
56416,0.0,0.0,0.0,0.0,0.0,0.0,0.0,0.0
56486,0.0,0.0,0.0,0.0,0.0,0.0,0.0,0.0
56517,0.0,0.0,0.0,0.0,0.0,0.0,0.0,0.0
56566,0.0,0.0,0.0,0.0,0.0,0.0,0.0,0.0
56726,0.0,0.0,0.0,0.0,0.0,0.0,0.0,0.0
56780,0.0,0.0,0.0,0.0,0.0,0.0,0.0,0.0
56804,0.0,0.0,0.0,0.0,0.0,0.0,0.0,0.0
56829,0.0,0.0,0.0,0.0,0.0,0.0,0.0,0.0
56878,0.0,0.0,0.0,0.0,0.0,0.0,0.0,0.0
57038,0.0,0.0,0.0,0.0,0.0,0.0,0.0,0.0
57072,0.0,0.0,0.0,0.0,0.0,0.0,0.0,0.0
57158,0.0,0.0,0.0,0.0,0.0,0.0,0.0,0.0
57189,0.0,0.0,0.0,0.0,0.0,0.0,0.0,0.0
57260,0.0,0.0,0.0,0.0,0.0,0.0,0.0,0.0
57288,0.0,0.0,0.0,0.0,0.0,0.0,0.0,0.0
57369,0.0,0.0,0.0,0.0,0.0,0.0,0.0,0.0
57374,0.0,0.0,0.0,0.0,0.0,0.0,0.0,0.0
57461,0.0,0.0,0.0,0.0,0.0,0.0,0.0,0.0
57471,0.0,0.0,0.0,0.0,0.0,0.0,0.0,0.0
57480,0.0,0.0,0.0,0.0,0.0,0.0,0.0,0.0
57547,0.0,0.0,0.0,0.0,0.0,0.0,0.0,0.0
57557,0.0,0.0,0.0,0.0,0.0,0.0,0.0,0.0
57583,0.0,0.0,0.0,0.0,0.0,0.0,0.0,0.0
57610,0.0,0.0,0.0,0.0,0.0,0.0,0.0,0.0
57606,0.0,0.0,0.0,0.0,0.0,0.0,0.0,0.0
57615,0.0,0.0,0.0,0.0,0.0,0.0,0.0,0.0
57643,0.0,0.0,0.0,0.0,0.0,0.0,0.0,0.0
57657,0.0,0.0,0.0,0.0,0.0,0.0,0.0,0.0
57689,0.0,0.0,0.0,0.0,0.0,0.0,0.0,0.0
57697,0.0,0.0,0.0,0.0,0.0,0.0,0.0,0.0
57722,0.0,0.0,0.0,0.0,0.0,0.0,0.0,0.0
57720,0.0,0.0,0.0,0.0,0.0,0.0,0.0,0.0
57708,0.0,0.0,0.0,0.0,0.0,0.0,0.0,0.0
57712,0.0,0.0,0.0,0.0,0.0,0.0,0.0,0.0
57693,0.0,0.0,0.0,0.0,0.0,0.0,0.0,0.0
57676,0.0,0.0,0.0,0.0,0.0,0.0,0.0,0.0
57657,0.0,0.0,0.0,0.0,0.0,0.0,0.0,0.0
57636,0.0,0.0,0.0,0.0,0.0,0.0,0.0,0.0
57616,0.0,0.0,0.0,0.0,0.0,0.0,0.0,0.0
57588,0.0,0.0,0.0,0.0,0.0,0.0,0.0,0.0
57527,0.0,0.0,0.0,0.0,0.0,0.0,0.0,0.0
57488,0.0,0.0,0.0,0.0,0.0,0.0,0.0,0.0
57450,0.0,0.0,0.0,0.0,0.0,0.0,0.0,0.0
57389,0.0,0.0,0.0,0.0,0.0,0.0,0.0,0.0
57359,0.0,0.0,0.0,0.0,0.0,0.0,0.0,0.0
57308,0.0,0.0,0.0,0.0,0.0,0.0,0.0,0.0
57268,0.0,0.0,0.0,0.0,0.0,0.0,0.0,0.0
57210,0.0,0.0,0.0,0.0,0.0,0.0,0.0,0.0
57065,0.0,0.0,0.0,0.0,0.0,0.0,0.0,0.0
57011,0.0,0.0,0.0,0.0,0.0,0.0,0.0,0.0
56965,0.0,0.0,0.0,0.0,0.0,0.0,0.0,0.0
56911,0.0,0.0,0.0,0.0,0.0,0.0,0.0,0.0
56786,0.0,0.0,0.0,0.0,0.0,0.0,0.0,0.0
56731,0.0,0.0,0.0,0.0,0.0,0.0,0.0,0.0
56640,0.0,0.0,0.0,0.0,0.0,0.0,0.0,0.0
56557,0.0,0.0,0.0,0.0,0.0,0.0,0.0,0.0
56517,0.0,0.0,0.0,0.0,0.0,0.0,0.0,0.0
56472,0.0,0.0,0.0,0.0,0.0,0.0,0.0,0.0
56368,0.0,0.0,0.0,0.0,0.0,0.0,0.0,0.0
56307,0.0,0.0,0.0,0.0,0.0,0.0,0.0,0.0
56277,0.0,0.0,0.0,0.0,0.0,0.0,0.0,0.0
56172,0.0,0.0,0.0,0.0,0.0,0.0,0.0,0.0
56114,0.0,0.0,0.0,0.0,0.0,0.0,0.0,0.0
56066,0.0,0.0,0.0,0.0,0.0,0.0,0.0,0.0
56019,0.0,0.0,0.0,0.0,0.0,0.0,0.0,0.0
55788,0.0,0.0,0.0,0.0,0.0,0.0,0.0,0.0
55721,0.0,0.0,0.0,0.0,0.0,0.0,0.0,0.0
55645,0.0,0.0,0.0,0.0,0.0,0.0,0.0,0.0
55568,0.0,0.0,0.0,0.0,0.0,0.0,0.0,0.0
55420,0.0,0.0,0.0,0.0,0.0,0.0,0.0,0.0
55320,0.0,0.0,0.0,0.0,0.0,0.0,0.0,0.0
55225,0.0,0.0,0.0,0.0,0.0,0.0,0.0,0.0
55158,0.0,0.0,0.0,0.0,0.0,0.0,0.0,0.0
55008,0.0,0.0,0.0,0.0,0.0,0.0,0.0,0.0
54965,0.0,0.0,0.0,0.0,0.0,0.0,0.0,0.0
54918,0.0,0.0,0.0,0.0,0.0,0.0,0.0,0.0
54862,0.0,0.0,0.0,0.0,0.0,0.0,0.0,0.0
54756,0.0,0.0,0.0,0.0,0.0,0.0,0.0,0.0
54448,0.0,0.0,0.0,0.0,0.0,0.0,0.0,0.0
54390,0.0,0.0,0.0,0.0,0.0,0.0,0.0,0.0
54314,0.0,0.0,0.0,0.0,0.0,0.0,0.0,0.0
53994,0.0,0.0,0.0,0.0,0.0,0.0,0.0,0.0
53912,0.0,0.0,0.0,0.0,0.0,0.0,0.0,0.0
53813,0.0,0.0,0.0,0.0,0.0,0.0,0.0,0.0
53736,0.0,0.0,0.0,0.0,0.0,0.0,0.0,0.0
53664,0.0,0.0,0.0,0.0,0.0,0.0,0.0,0.0
53579,0.0,0.0,0.0,0.0,0.0,0.0,0.0,0.0
53468,0.0,0.0,0.0,0.0,0.0,0.0,0.0,0.0
53389,0.0,0.0,0.0,0.0,0.0,0.0,0.0,0.0
53285,0.0,0.0,0.0,0.0,0.0,0.0,0.0,0.0
53201,0.0,0.0,0.0,0.0,0.0,0.0,0.0,0.0
52947,0.0,0.0,0.0,0.0,0.0,0.0,0.0,0.0
52665,0.0,0.0,0.0,0.0,0.0,0.0,0.0,0.0
52559,0.0,0.0,0.0,0.0,0.0,0.0,0.0,0.0
52386,0.0,0.0,0.0,0.0,0.0,0.0,0.0,0.0
52252,0.0,0.0,0.0,0.0,0.0,0.0,0.0,0.0
52133,0.0,0.0,0.0,0.0,0.0,0.0,0.0,0.0
51789,0.0,0.0,0.0,0.0,0.0,0.0,0.0,0.0
51663,0.0,0.0,0.0,0.0,0.0,0.0,0.0,0.0
51529,0.0,0.0,0.0,0.0,0.0,0.0,0.0,0.0
51408,0.0,0.0,0.0,0.0,0.0,0.0,0.0,0.0
51177,0.0,0.0,0.0,0.0,0.0,0.0,0.0,0.0
51060,0.0,0.0,0.0,0.0,0.0,0.0,0.0,0.0
50648,0.0,0.0,0.0,0.0,0.0,0.0,0.0,0.0
50446,0.0,0.0,0.0,0.0,0.0,0.0,0.0,0.0
50276,0.0,0.0,0.0,0.0,0.0,0.0,0.0,0.0
50137,0.0,0.0,0.0,0.0,0.0,0.0,0.0,0.0
49965,0.0,0.0,0.0,0.0,0.0,0.0,0.0,0.0
49674,0.0,0.0,0.0,0.0,0.0,0.0,0.0,0.0
49581,0.0,0.0,0.0,0.0,0.0,0.0,0.0,0.0
49464,0.0,0.0,0.0,0.0,0.0,0.0,0.0,0.0
48979,0.0,0.0,0.0,0.0,0.0,0.0,0.0,0.0
48876,0.0,0.0,0.0,0.0,0.0,0.0,0.0,0.0
48774,0.0,0.0,0.0,0.0,0.0,0.0,0.0,0.0
48470,0.0,0.0,0.0,0.0,0.0,0.0,0.0,0.0
48326,0.0,0.0,0.0,0.0,0.0,0.0,0.0,0.0
47858,0.0,0.0,0.0,0.0,0.0,0.0,0.0,0.0
47754,0.0,0.0,0.0,0.0,0.0,0.0,0.0,0.0
47653,0.0,0.0,0.0,0.0,0.0,0.0,0.0,0.0
47241,0.0,0.0,0.0,0.0,0.0,0.0,0.0,0.0
47131,0.0,0.0,0.0,0.0,0.0,0.0,0.0,0.0
46671,0.0,0.0,0.0,0.0,0.0,0.0,0.0,0.0
46585,0.0,0.0,0.0,0.0,0.0,0.0,0.0,0.0
45773,0.0,0.0,0.0,0.0,0.0,0.0,0.0,0.0
45672,0.0,0.0,0.0,0.0,0.0,0.0,0.0,0.0
45334,0.0,0.0,0.0,0.0,0.0,0.0,0.0,0.0
45222,0.0,0.0,0.0,0.0,0.0,0.0,0.0,0.0
44952,0.0,0.0,0.0,0.0,0.0,0.0,0.0,0.0
44742,0.0,0.0,0.0,0.0,0.0,0.0,0.0,0.0
44644,0.0,0.0,0.0,0.0,0.0,0.0,0.0,0.0
44563,0.0,0.0,0.0,0.0,0.0,0.0,0.0,0.0
44201,0.0,0.0,0.0,0.0,0.0,0.0,0.0,0.0
44107,0.0,0.0,0.0,0.0,0.0,0.0,0.0,0.0
43859,0.0,0.0,0.0,0.0,0.0,0.0,0.0,0.0
43750,0.0,0.0,0.0,0.0,0.0,0.0,0.0,0.0
43672,0.0,0.0,0.0,0.0,0.0,0.0,0.0,0.0
43398,0.0,0.0,0.0,0.0,0.0,0.0,0.0,0.0
43323,0.0,0.0,0.0,0.0,0.0,0.0,0.0,0.0
43103,0.0,0.0,0.0,0.0,0.0,0.0,0.0,0.0
43034,0.0,0.0,0.0,0.0,0.0,0.0,0.0,0.0
42974,0.0,0.0,0.0,0.0,0.0,0.0,0.0,0.0
42721,0.0,0.0,0.0,0.0,0.0,0.0,0.0,0.0
42616,0.0,0.0,0.0,0.0,0.0,0.0,0.0,0.0
42548,0.0,0.0,0.0,0.0,0.0,0.0,0.0,0.0
42014,0.0,0.0,0.0,0.0,0.0,0.0,0.0,0.0
41943,0.0,0.0,0.0,0.0,0.0,0.0,0.0,0.0
41679,0.0,0.0,0.0,0.0,0.0,0.0,0.0,0.0
41599,0.0,0.0,0.0,0.0,0.0,0.0,0.0,0.0
41449,0.0,0.0,0.0,0.0,0.0,0.0,0.0,0.0
41391,0.0,0.0,0.0,0.0,0.0,0.0,0.0,0.0
41175,0.0,0.0,0.0,0.0,0.0,0.0,0.0,0.0
40941,0.0,0.0,0.0,0.0,0.0,0.0,0.0,0.0
40869,0.0,0.0,0.0,0.0,0.0,0.0,0.0,0.0
40694,0.0,0.0,0.0,0.0,0.0,0.0,0.0,0.0
40596,0.0,0.0,0.0,0.0,0.0,0.0,0.0,0.0
40526,0.0,0.0,0.0,0.0,0.0,0.0,0.0,0.0
40471,0.0,0.0,0.0,0.0,0.0,0.0,0.0,0.0
40136,0.0,0.0,0.0,0.0,0.0,0.0,0.0,0.0
40082,0.0,0.0,0.0,0.0,0.0,0.0,0.0,0.0
40009,0.0,0.0,0.0,0.0,0.0,0.0,0.0,0.0
39866,0.0,0.0,0.0,0.0,0.0,0.0,0.0,0.0
39750,0.0,0.0,0.0,0.0,0.0,0.0,0.0,0.0
39585,0.0,0.0,0.0,0.0,0.0,0.0,0.0,0.0
39538,0.0,0.0,0.0,0.0,0.0,0.0,0.0,0.0
39327,0.0,0.0,0.0,0.0,0.0,0.0,0.0,0.0
39223,0.0,0.0,0.0,0.0,0.0,0.0,0.0,0.0
39187,0.0,0.0,0.0,0.0,0.0,0.0,0.0,0.0
38838,0.0,0.0,0.0,0.0,0.0,0.0,0.0,0.0
38788,0.0,0.0,0.0,0.0,0.0,0.0,0.0,0.0
38653,0.0,0.0,0.0,0.0,0.0,0.0,0.0,0.0
38478,0.0,0.0,0.0,0.0,0.0,0.0,0.0,0.0
38250,0.0,0.0,0.0,0.0,0.0,0.0,0.0,0.0
38204,0.0,0.0,0.0,0.0,0.0,0.0,0.0,0.0
38067,0.0,0.0,0.0,0.0,0.0,0.0,0.0,0.0
37878,0.0,0.0,0.0,0.0,0.0,0.0,0.0,0.0
37610,0.0,0.0,0.0,0.0,0.0,0.0,0.0,0.0
37558,0.0,0.0,0.0,0.0,0.0,0.0,0.0,0.0
37488,0.0,0.0,0.0,0.0,0.0,0.0,0.0,0.0
37356,0.0,0.0,0.0,0.0,0.0,0.0,0.0,0.0
37194,0.0,0.0,0.0,0.0,0.0,0.0,0.0,0.0
37140,0.0,0.0,0.0,0.0,0.0,0.0,0.0,0.0
36883,0.0,0.0,0.0,0.0,0.0,0.0,0.0,0.0
36741,0.0,0.0,0.0,0.0,0.0,0.0,0.0,0.0
36703,0.0,0.0,0.0,0.0,0.0,0.0,0.0,0.0
36434,0.0,0.0,0.0,0.0,0.0,0.0,0.0,0.0
36385,0.0,0.0,0.0,0.0,0.0,0.0,0.0,0.0
36060,0.0,0.0,0.0,0.0,0.0,0.0,0.0,0.0
36001,0.0,0.0,0.0,0.0,0.0,0.0,0.0,0.0
35935,0.0,0.0,0.0,0.0,0.0,0.0,0.0,0.0
35732,0.0,0.0,0.0,0.0,0.0,0.0,0.0,0.0
35649,0.0,0.0,0.0,0.0,0.0,0.0,0.0,0.0
35445,0.0,0.0,0.0,0.0,0.0,0.0,0.0,0.0
35370,0.0,0.0,0.0,0.0,0.0,0.0,0.0,0.0
35294,0.0,0.0,0.0,0.0,0.0,0.0,0.0,0.0
35208,0.0,0.0,0.0,0.0,0.0,0.0,0.0,0.0
35143,0.0,0.0,0.0,0.0,0.0,0.0,0.0,0.0
35091,0.0,0.0,0.0,0.0,0.0,0.0,0.0,0.0
35025,0.0,0.0,0.0,0.0,0.0,0.0,0.0,0.0
34965,0.0,0.0,0.0,0.0,0.0,0.0,0.0,0.0
34851,0.0,0.0,0.0,0.0,0.0,0.0,0.0,0.0
34698,0.0,0.0,0.0,0.0,0.0,0.0,0.0,0.0
34658,0.0,0.0,0.0,0.0,0.0,0.0,0.0,0.0
34518,0.0,0.0,0.0,0.0,0.0,0.0,0.0,0.0
34345,0.0,0.0,0.0,0.0,0.0,0.0,0.0,0.0
34307,0.0,0.0,0.0,0.0,0.0,0.0,0.0,0.0
34278,0.0,0.0,0.0,0.0,0.0,0.0,0.0,0.0
34188,0.0,0.0,0.0,0.0,0.0,0.0,0.0,0.0
34012,0.0,0.0,0.0,0.0,0.0,0.0,0.0,0.0
33986,0.0,0.0,0.0,0.0,0.0,0.0,0.0,0.0
33961,0.0,0.0,0.0,0.0,0.0,0.0,0.0,0.0
33793,0.0,0.0,0.0,0.0,0.0,0.0,0.0,0.0
33775,0.0,0.0,0.0,0.0,0.0,0.0,0.0,0.0
33708,0.0,0.0,0.0,0.0,0.0,0.0,0.0,0.0
33687,0.0,0.0,0.0,0.0,0.0,0.0,0.0,0.0
33592,0.0,0.0,0.0,0.0,0.0,0.0,0.0,0.0
33467,0.0,0.0,0.0,0.0,0.0,0.0,0.0,0.0
33457,0.0,0.0,0.0,0.0,0.0,0.0,0.0,0.0
33371,0.0,0.0,0.0,0.0,0.0,0.0,0.0,0.0
33346,0.0,0.0,0.0,0.0,0.0,0.0,0.0,0.0
33334,0.0,0.0,0.0,0.0,0.0,0.0,0.0,0.0
33260,0.0,0.0,0.0,0.0,0.0,0.0,0.0,0.0
33155,0.0,0.0,0.0,0.0,0.0,0.0,0.0,0.0
33147,0.0,0.0,0.0,0.0,0.0,0.0,0.0,0.0
33081,0.0,0.0,0.0,0.0,0.0,0.0,0.0,0.0
33064,0.0,0.0,0.0,0.0,0.0,0.0,0.0,0.0
32998,0.0,0.0,0.0,0.0,0.0,0.0,0.0,0.0
32984,0.0,0.0,0.0,0.0,0.0,0.0,0.0,0.0
32916,0.0,0.0,0.0,0.0,0.0,0.0,0.0,0.0
32862,0.0,0.0,0.0,0.0,0.0,0.0,0.0,0.0
32842,0.0,0.0,0.0,0.0,0.0,0.0,0.0,0.0
32712,0.0,0.0,0.0,0.0,0.0,0.0,0.0,0.0
32677,0.0,0.0,0.0,0.0,0.0,0.0,0.0,0.0
32614,0.0,0.0,0.0,0.0,0.0,0.0,0.0,0.0
32537,0.0,0.0,0.0,0.0,0.0,0.0,0.0,0.0
32518,0.0,0.0,0.0,0.0,0.0,0.0,0.0,0.0
32444,0.0,0.0,0.0,0.0,0.0,0.0,0.0,0.0
32364,0.0,0.0,0.0,0.0,0.0,0.0,0.0,0.0
32302,0.0,0.0,0.0,0.0,0.0,0.0,0.0,0.0
32288,0.0,0.0,0.0,0.0,0.0,0.0,0.0,0.0
32274,0.0,0.0,0.0,0.0,0.0,0.0,0.0,0.0
32166,0.0,0.0,0.0,0.0,0.0,0.0,0.0,0.0
32152,0.0,0.0,0.0,0.0,0.0,0.0,0.0,0.0
32105,0.0,0.0,0.0,0.0,0.0,0.0,0.0,0.0
32029,0.0,0.0,0.0,0.0,0.0,0.0,0.0,0.0
31996,0.0,0.0,0.0,0.0,0.0,0.0,0.0,0.0
31947,0.0,0.0,0.0,0.0,0.0,0.0,0.0,0.0
31875,0.0,0.0,0.0,0.0,0.0,0.0,0.0,0.0
31803,0.0,0.0,0.0,0.0,0.0,0.0,0.0,0.0
31753,0.0,0.0,0.0,0.0,0.0,0.0,0.0,0.0
31698,0.0,0.0,0.0,0.0,0.0,0.0,0.0,0.0
31668,0.0,0.0,0.0,0.0,0.0,0.0,0.0,0.0
31561,0.0,0.0,0.0,0.0,0.0,0.0,0.0,0.0
31518,0.0,0.0,0.0,0.0,0.0,0.0,0.0,0.0
31428,0.0,0.0,0.0,0.0,0.0,0.0,0.0,0.0
31407,0.0,0.0,0.0,0.0,0.0,0.0,0.0,0.0
31388,0.0,0.0,0.0,0.0,0.0,0.0,0.0,0.0
31334,0.0,0.0,0.0,0.0,0.0,0.0,0.0,0.0
31195,0.0,0.0,0.0,0.0,0.0,0.0,0.0,0.0
31134,0.0,0.0,0.0,0.0,0.0,0.0,0.0,0.0
31117,0.0,0.0,0.0,0.0,0.0,0.0,0.0,0.0
31085,0.0,0.0,0.0,0.0,0.0,0.0,0.0,0.0
30896,0.0,0.0,0.0,0.0,0.0,0.0,0.0,0.0
30874,0.0,0.0,0.0,0.0,0.0,0.0,0.0,0.0
30793,0.0,0.0,0.0,0.0,0.0,0.0,0.0,0.0
30711,0.0,0.0,0.0,0.0,0.0,0.0,0.0,0.0
30671,0.0,0.0,0.0,0.0,0.0,0.0,0.0,0.0
30592,0.0,0.0,0.0,0.0,0.0,0.0,0.0,0.0
30464,0.0,0.0,0.0,0.0,0.0,0.0,0.0,0.0
30425,0.0,0.0,0.0,0.0,0.0,0.0,0.0,0.0
30289,0.0,0.0,0.0,0.0,0.0,0.0,0.0,0.0
30228,0.0,0.0,0.0,0.0,0.0,0.0,0.0,0.0
30214,0.0,0.0,0.0,0.0,0.0,0.0,0.0,0.0
30072,0.0,0.0,0.0,0.0,0.0,0.0,0.0,0.0
30026,0.0,0.0,0.0,0.0,0.0,0.0,0.0,0.0
30024,0.0,0.0,0.0,0.0,0.0,0.0,0.0,0.0
29914,0.0,0.0,0.0,0.0,0.0,0.0,0.0,0.0
29834,0.0,0.0,0.0,0.0,0.0,0.0,0.0,0.0
29793,0.0,0.0,0.0,0.0,0.0,0.0,0.0,0.0
29773,0.0,0.0,0.0,0.0,0.0,0.0,0.0,0.0
29722,0.0,0.0,0.0,0.0,0.0,0.0,0.0,0.0
29678,0.0,0.0,0.0,0.0,0.0,0.0,0.0,0.0
29559,0.0,0.0,0.0,0.0,0.0,0.0,0.0,0.0
29525,0.0,0.0,0.0,0.0,0.0,0.0,0.0,0.0
29462,0.0,0.0,0.0,0.0,0.0,0.0,0.0,0.0
29424,0.0,0.0,0.0,0.0,0.0,0.0,0.0,0.0
29375,0.0,0.0,0.0,0.0,0.0,0.0,0.0,0.0
29355,0.0,0.0,0.0,0.0,0.0,0.0,0.0,0.0
29273,0.0,0.0,0.0,0.0,0.0,0.0,0.0,0.0
29242,0.0,0.0,0.0,0.0,0.0,0.0,0.0,0.0
29271,0.0,0.0,0.0,0.0,0.0,0.0,0.0,0.0
29182,0.0,0.0,0.0,0.0,0.0,0.0,0.0,0.0
29139,0.0,0.0,0.0,0.0,0.0,0.0,0.0,0.0
29095,0.0,0.0,0.0,0.0,0.0,0.0,0.0,0.0
29103,0.0,0.0,0.0,0.0,0.0,0.0,0.0,0.0
29090,0.0,0.0,0.0,0.0,0.0,0.0,0.0,0.0
29070,0.0,0.0,0.0,0.0,0.0,0.0,0.0,0.0
29060,0.0,0.0,0.0,0.0,0.0,0.0,0.0,0.0
29028,0.0,0.0,0.0,0.0,0.0,0.0,0.0,0.0
29018,0.0,0.0,0.0,0.0,0.0,0.0,0.0,0.0
29021,0.0,0.0,0.0,0.0,0.0,0.0,0.0,0.0
29028,0.0,0.0,0.0,0.0,0.0,0.0,0.0,0.0
29047,0.0,0.0,0.0,0.0,0.0,0.0,0.0,0.0
29060,0.0,0.0,0.0,0.0,0.0,0.0,0.0,0.0
29040,0.0,0.0,0.0,0.0,0.0,0.0,0.0,0.0
29043,0.0,0.0,0.0,0.0,0.0,0.0,0.0,0.0
29002,0.0,0.0,0.0,0.0,0.0,0.0,0.0,0.0
28997,0.0,0.0,0.0,0.0,0.0,0.0,0.0,0.0
28998,0.0,0.0,0.0,0.0,0.0,0.0,0.0,0.0
29004,0.0,0.0,0.0,0.0,0.0,0.0,0.0,0.0
29019,0.0,0.0,0.0,0.0,0.0,0.0,0.0,0.0
29031,0.0,0.0,0.0,0.0,0.0,0.0,0.0,0.0
29058,0.0,0.0,0.0,0.0,0.0,0.0,0.0,0.0
29090,0.0,0.0,0.0,0.0,0.0,0.0,0.0,0.0
29095,0.0,0.0,0.0,0.0,0.0,0.0,0.0,0.0
29101,0.0,0.0,0.0,0.0,0.0,0.0,0.0,0.0
29135,0.0,0.0,0.0,0.0,0.0,0.0,0.0,0.0
29169,0.0,0.0,0.0,0.0,0.0,0.0,0.0,0.0
29192,0.0,0.0,0.0,0.0,0.0,0.0,0.0,0.0
29205,0.0,0.0,0.0,0.0,0.0,0.0,0.0,0.0
29239,0.0,0.0,0.0,0.0,0.0,0.0,0.0,0.0
29299,0.0,0.0,0.0,0.0,0.0,0.0,0.0,0.0
29327,0.0,0.0,0.0,0.0,0.0,0.0,0.0,0.0
29347,0.0,0.0,0.0,0.0,0.0,0.0,0.0,0.0
29359,0.0,0.0,0.0,0.0,0.0,0.0,0.0,0.0
29428,0.0,0.0,0.0,0.0,0.0,0.0,0.0,0.0
29452,0.0,0.0,0.0,0.0,0.0,0.0,0.0,0.0
29559,0.0,0.0,0.0,0.0,0.0,0.0,0.0,0.0
29633,0.0,0.0,0.0,0.0,0.0,0.0,0.0,0.0
29687,0.0,0.0,0.0,0.0,0.0,0.0,0.0,0.0
29755,0.0,0.0,0.0,0.0,0.0,0.0,0.0,0.0
29786,0.0,0.0,0.0,0.0,0.0,0.0,0.0,0.0
29814,0.0,0.0,0.0,0.0,0.0,0.0,0.0,0.0
29854,0.0,0.0,0.0,0.0,0.0,0.0,0.0,0.0
29935,0.0,0.0,0.0,0.0,0.0,0.0,0.0,0.0
29980,0.0,0.0,0.0,0.0,0.0,0.0,0.0,0.0
30060,0.0,0.0,0.0,0.0,0.0,0.0,0.0,0.0
30115,0.0,0.0,0.0,0.0,0.0,0.0,0.0,0.0
30159,0.0,0.0,0.0,0.0,0.0,0.0,0.0,0.0
30192,0.0,0.0,0.0,0.0,0.0,0.0,0.0,0.0
30299,0.0,0.0,0.0,0.0,0.0,0.0,0.0,0.0
30359,0.0,0.0,0.0,0.0,0.0,0.0,0.0,0.0
30370,0.0,0.0,0.0,0.0,0.0,0.0,0.0,0.0
30431,0.0,0.0,0.0,0.0,0.0,0.0,0.0,0.0
30448,0.0,0.0,0.0,0.0,0.0,0.0,0.0,0.0
30501,0.0,0.0,0.0,0.0,0.0,0.0,0.0,0.0
30539,0.0,0.0,0.0,0.0,0.0,0.0,0.0,0.0
30536,0.0,0.0,0.0,0.0,0.0,0.0,0.0,0.0
30602,0.0,0.0,0.0,0.0,0.0,0.0,0.0,0.0
30599,0.0,0.0,0.0,0.0,0.0,0.0,0.0,0.0
30605,0.0,0.0,0.0,0.0,0.0,0.0,0.0,0.0
30621,0.0,0.0,0.0,0.0,0.0,0.0,0.0,0.0
30651,0.0,0.0,0.0,0.0,0.0,0.0,0.0,0.0
30645,0.0,0.0,0.0,0.0,0.0,0.0,0.0,0.0
30646,0.0,0.0,0.0,0.0,0.0,0.0,0.0,0.0
30656,0.0,0.0,0.0,0.0,0.0,0.0,0.0,0.0
30654,0.0,0.0,0.0,0.0,0.0,0.0,0.0,0.0
30632,0.0,0.0,0.0,0.0,0.0,0.0,0.0,0.0
30611,0.0,0.0,0.0,0.0,0.0,0.0,0.0,0.0
30605,0.0,0.0,0.0,0.0,0.0,0.0,0.0,0.0
30590,0.0,0.0,0.0,0.0,0.0,0.0,0.0,0.0
30590,0.0,0.0,0.0,0.0,0.0,0.0,0.0,0.0
30585,0.0,0.0,0.0,0.0,0.0,0.0,0.0,0.0
30575,0.0,0.0,0.0,0.0,0.0,0.0,0.0,0.0
30571,0.0,0.0,0.0,0.0,0.0,0.0,0.0,0.0
30569,0.0,0.0,0.0,0.0,0.0,0.0,0.0,0.0
30566,0.0,0.0,0.0,0.0,0.0,0.0,0.0,0.0
30558,0.0,0.0,0.0,0.0,0.0,0.0,0.0,0.0
30559,0.0,0.0,0.0,0.0,0.0,0.0,0.0,0.0
30559,0.0,0.0,0.0,0.0,0.0,0.0,0.0,0.0
30554,0.0,0.0,0.0,0.0,0.0,0.0,0.0,0.0
30545,0.0,0.0,0.0,0.0,0.0,0.0,0.0,0.0
30535,0.0,0.0,0.0,0.0,0.0,0.0,0.0,0.0
30526,0.0,0.0,0.0,0.0,0.0,0.0,0.0,0.0
30520,0.0,0.0,0.0,0.0,0.0,0.0,0.0,0.0
30529,0.0,0.0,0.0,0.0,0.0,0.0,0.0,0.0
30525,0.0,0.0,0.0,0.0,0.0,0.0,0.0,0.0
30519,0.0,0.0,0.0,0.0,0.0,0.0,0.0,0.0
30523,0.0,0.0,0.0,0.0,0.0,0.0,0.0,0.0
30531,0.0,0.0,0.0,0.0,0.0,0.0,0.0,0.0
30542,0.0,0.0,0.0,0.0,0.0,0.0,0.0,0.0
30539,0.0,0.0,0.0,0.0,0.0,0.0,0.0,0.0
30528,0.0,0.0,0.0,0.0,0.0,0.0,0.0,0.0
30542,0.0,0.0,0.0,0.0,0.0,0.0,0.0,0.0
30563,0.0,0.0,0.0,0.0,0.0,0.0,0.0,0.0
30573,0.0,0.0,0.0,0.0,0.0,0.0,0.0,0.0
30587,0.0,0.0,0.0,0.0,0.0,0.0,0.0,0.0
30584,0.0,0.0,0.0,0.0,0.0,0.0,0.0,0.0
30600,0.0,0.0,0.0,0.0,0.0,0.0,0.0,0.0
30601,0.0,0.0,0.0,0.0,0.0,0.0,0.0,0.0
30616,0.0,0.0,0.0,0.0,0.0,0.0,0.0,0.0
30606,0.0,0.0,0.0,0.0,0.0,0.0,0.0,0.0
30625,0.0,0.0,0.0,0.0,0.0,0.0,0.0,0.0
30666,0.0,0.0,0.0,0.0,0.0,0.0,0.0,0.0
